n_selected_features,fold,feature
4,1,k_ref_half_width
4,1,csf_multiple_responses_int
4,1,csf_tau_fast
4,1,csf_percent_fast
4,2,k_ref_half_width
4,2,csf_multiple_responses_int
4,2,k_ref_percent_fast
4,2,csf_tau_fast
4,3,k_ref_half_width
4,3,k_ref_integral
4,3,k_ref_percent_fast
4,3,csf_tau_fast
4,4,k_ref_half_width
4,4,csf_multiple_responses_int
4,4,k_ref_percent_fast
4,4,csf_tau_fast
4,5,k_ref_half_width
4,5,csf_multiple_responses_int
4,5,k_ref_percent_fast
4,5,csf_tau_fast
6,1,k_ref_half_width
6,1,k_ref_integral
6,1,csf_multiple_responses_int
6,1,k_ref_percent_fast
6,1,csf_tau_fast
6,1,csf_percent_fast
6,2,k_ref_half_width
6,2,k_ref_integral
6,2,csf_multiple_responses_int
6,2,k_ref_percent_fast
6,2,csf_tau_fast
6,2,csf_percent_fast
6,3,k_ref_half_width
6,3,k_ref_integral
6,3,csf_multiple_responses_int
6,3,k_ref_percent_fast
6,3,csf_tau_fast
6,3,csf_percent_fast
6,4,k_ref_half_width
6,4,k_ref_integral
6,4,csf_multiple_responses_int
6,4,k_ref_percent_fast
6,4,csf_tau_fast
6,4,csf_percent_fast
6,5,k_ref_half_width
6,5,k_ref_integral
6,5,csf_multiple_responses_int
6,5,k_ref_percent_fast
6,5,csf_tau_fast
6,5,csf_percent_fast
8,1,k_ref_half_width
8,1,k_ref_integral
8,1,csf_multiple_responses_int
8,1,csf_integral
8,1,k_ref_tau_fast
8,1,k_ref_percent_fast
8,1,csf_tau_fast
8,1,csf_percent_fast
8,2,k_ref_half_width
8,2,k_ref_integral
8,2,csf_multiple_responses_int
8,2,csf_integral
8,2,k_ref_tau_fast
8,2,k_ref_percent_fast
8,2,csf_tau_fast
8,2,csf_percent_fast
8,3,k_ref_half_width
8,3,k_ref_integral
8,3,csf_multiple_responses_int
8,3,csf_integral
8,3,k_ref_tau_fast
8,3,k_ref_percent_fast
8,3,csf_tau_fast
8,3,csf_percent_fast
8,4,k_ref_half_width
8,4,k_ref_integral
8,4,csf_multiple_responses_int
8,4,csf_integral
8,4,k_ref_tau_fast
8,4,k_ref_percent_fast
8,4,csf_tau_fast
8,4,csf_percent_fast
8,5,k_ref_half_width
8,5,k_ref_integral
8,5,csf_multiple_responses_int
8,5,csf_integral
8,5,k_ref_tau_fast
8,5,k_ref_percent_fast
8,5,csf_tau_fast
8,5,csf_percent_fast
10,1,k_ref_amplitude
10,1,k_ref_half_width
10,1,k_ref_integral
10,1,csf_multiple_responses_int
10,1,csf_half_width
10,1,csf_integral
10,1,k_ref_tau_fast
10,1,k_ref_percent_fast
10,1,csf_tau_fast
10,1,csf_percent_fast
10,2,k_ref_amplitude
10,2,k_ref_half_width
10,2,k_ref_integral
10,2,csf_multiple_responses_int
10,2,csf_half_width
10,2,csf_integral
10,2,k_ref_tau_fast
10,2,k_ref_percent_fast
10,2,csf_tau_fast
10,2,csf_percent_fast
10,3,k_ref_amplitude
10,3,k_ref_half_width
10,3,k_ref_integral
10,3,csf_multiple_responses_int
10,3,csf_half_width
10,3,csf_integral
10,3,k_ref_tau_fast
10,3,k_ref_percent_fast
10,3,csf_tau_fast
10,3,csf_percent_fast
10,4,k_ref_amplitude
10,4,k_ref_half_width
10,4,k_ref_integral
10,4,csf_multiple_responses_int
10,4,csf_half_width
10,4,csf_integral
10,4,k_ref_tau_fast
10,4,k_ref_percent_fast
10,4,csf_tau_fast
10,4,csf_percent_fast
10,5,k_ref_amplitude
10,5,k_ref_half_width
10,5,k_ref_integral
10,5,csf_multiple_responses_int
10,5,csf_half_width
10,5,csf_integral
10,5,k_ref_tau_fast
10,5,k_ref_percent_fast
10,5,csf_tau_fast
10,5,csf_percent_fast
