model,feature_set,n_features,test_accuracy_mean,test_accuracy_std,test_balanced_accuracy_mean,test_balanced_accuracy_std,test_f1_macro_mean,test_f1_macro_std,train_balanced_accuracy_mean,train_balanced_accuracy_std,fit_time_mean,balanced_accuracy_gap
logistic_regression,k_reference,3,0.7451859296482412,0.04090214764752264,0.7854616632673295,0.03417423973140461,0.7410857288801128,0.038169397002186876,0.7849888862593549,0.005661229581175064,0.012725353240966797,-0.00047277700797454525
logistic_regression,csf_response,5,0.6971658291457287,0.03248756504850336,0.717888163970329,0.0187880684814431,0.6818440753067296,0.027205787468273932,0.726943405651893,0.0034385544744402986,0.014681291580200196,0.009055241681564019
logistic_regression,combined_peak,8,0.9107236180904523,0.012102286634528973,0.9196389713815136,0.013060134687581859,0.904483636451163,0.011739606625750944,0.9257733452196897,0.0026326242639030275,0.014941978454589843,0.006134373838176055
logistic_regression,combined_fit_reduced,6,0.8325477386934674,0.023470411815778868,0.8416760017764,0.027934540063343557,0.8178685870929476,0.027022091666069125,0.842862311862193,0.0040896235781708685,0.01238718032836914,0.001186310085792952
logistic_regression,combined_peak_plus_csf_reduced_fit,11,0.9127437185929648,0.015353304086254233,0.9239388658752805,0.01582447271873856,0.9080456606207928,0.0165383925570603,0.934798702146775,0.007168109259494569,0.014433479309082032,0.01085983627149445
random_forest,k_reference,3,0.7652814070351758,0.017695324723147932,0.7599051160097839,0.020676373591195143,0.7467973961736474,0.01822321203925956,0.8781205738558604,0.007728774000105215,0.7931283950805664,0.11821545784607645
random_forest,csf_response,5,0.7713366834170854,0.018321579096777674,0.7442289153154078,0.014472681554446424,0.7349745316559524,0.014765161766459516,0.8531309362658618,0.009825050909525481,0.6147272109985351,0.10890202095045398
random_forest,combined_peak,8,0.9237788944723618,0.014645785325557926,0.9203967050542552,0.01728480054721969,0.913413920268372,0.016964469070098576,0.9597775242993688,0.0021589563717199513,0.6597995281219482,0.03938081924511361
random_forest,combined_fit_reduced,6,0.8756231155778895,0.011642755199810359,0.8707060646706368,0.01400204251261142,0.859160922811401,0.014998834798911986,0.9196345045656162,0.004618377226734387,0.5985115528106689,0.048928439894979414
random_forest,combined_peak_plus_csf_reduced_fit,11,0.9257939698492462,0.015262238890844725,0.9247176927085761,0.019513241991306746,0.9176386411720421,0.017832108300404395,0.9604049747869936,0.003648878792202326,0.7546004295349121,0.03568728207841754
hist_gradient_boosting,k_reference,3,0.7783467336683417,0.024378242960272065,0.7725936166389689,0.03626890776753158,0.7600794660801127,0.028558324278773754,0.9845565749235474,0.0008915828585390441,0.733484935760498,0.21196295828457856
hist_gradient_boosting,csf_response,5,0.7502763819095478,0.013491821288685082,0.7101671777368506,0.010972917763591331,0.7084446004621736,0.014895276891166584,0.9656484544355717,0.002996282251172403,0.6840775012969971,0.2554812766987211
hist_gradient_boosting,combined_peak,8,0.9378040201005027,0.01869003318539591,0.9295766801363708,0.025435206919967375,0.9297736246908315,0.023672647551048802,1.0,0.0,0.9608555793762207,0.07042331986362915
hist_gradient_boosting,combined_fit_reduced,6,0.8826532663316584,0.012860734817182026,0.8675825470615154,0.017395513623726256,0.8627751165270906,0.014950175427484608,0.9901619780922409,0.001647536892193363,0.7433664798736572,0.12257943103072555
hist_gradient_boosting,combined_peak_plus_csf_reduced_fit,11,0.9388190954773868,0.015622516721431137,0.9302383509815279,0.020311586857187116,0.9312944296660624,0.018165997255706154,1.0,0.0,1.038169765472412,0.06976164901847215
