model,feature_set,n_features,test_accuracy_mean,test_accuracy_std,test_balanced_accuracy_mean,test_balanced_accuracy_std,test_f1_macro_mean,test_f1_macro_std,train_balanced_accuracy_mean,train_balanced_accuracy_std,fit_time_mean,representation,model_variant,model_family,selection_method,n_input_features,n_selected_features,balanced_accuracy_gap
rf_baseline,combined_peak,8,0.9237788944723618,0.014645785325557926,0.9203967050542552,0.01728480054721969,0.913413920268372,0.016964469070098576,0.9597775242993688,0.0021589563717199513,0.7478769779205322,combined_peak,rf_baseline,random_forest,none,8,8,0.03938081924511361
rf_regularized,combined_peak,8,0.910743718592965,0.021559561136467054,0.9136358157245583,0.023982593395502343,0.9014736861750002,0.024132326901463007,0.9406558982757461,0.005778913759177601,1.0918784618377686,combined_peak,rf_regularized,random_forest,none,8,8,0.02702008255118782
rf_regularized_all_features,combined_peak,8,0.9047336683417084,0.025470500491608886,0.906193788272145,0.027757638511078323,0.8964414727292402,0.027969469455196613,0.9335698872024061,0.008287026925471504,1.5604301929473876,combined_peak,rf_regularized_all_features,random_forest,none,8,8,0.02737609893026105
hgb_baseline,combined_peak,8,0.9378040201005027,0.01869003318539591,0.9295766801363708,0.025435206919967375,0.9297736246908315,0.023672647551048802,1.0,0.0,0.8289569854736328,combined_peak,hgb_baseline,hist_gradient_boosting,none,8,8,0.07042331986362915
hgb_shallow_regularized,combined_peak,8,0.9387989949748745,0.018383434331257893,0.9314341951437329,0.02370155676026713,0.9316381107495919,0.021569198894824837,0.9929485553829727,0.001012151979810093,0.7031076431274415,combined_peak,hgb_shallow_regularized,hist_gradient_boosting,none,8,8,0.06151436023923973
hgb_low_learning_rate,combined_peak,8,0.9337989949748744,0.018053825288852635,0.9259400159492481,0.023740769446661803,0.9255677936616818,0.021487454542277778,0.9940210643044723,0.000896749451316386,1.1704987049102784,combined_peak,hgb_low_learning_rate,hist_gradient_boosting,none,8,8,0.06808104835522422
rf_baseline,core_all_no_selection,14,0.9227889447236182,0.018579310482648603,0.9234846842688282,0.022045418665232464,0.9145320298078975,0.022689715329211286,0.9605576832364866,0.004476959924621621,0.7385542869567872,core_all_no_selection,rf_baseline,random_forest,none,14,14,0.037072998967658366
rf_regularized,core_all_no_selection,14,0.9107587939698494,0.016462287015032547,0.9160895215219836,0.01897255447076431,0.9026684412695308,0.02001982160011902,0.9452511869281534,0.004735652726802625,1.1435984134674073,core_all_no_selection,rf_regularized,random_forest,none,14,14,0.029161665406169712
rf_regularized_all_features,core_all_no_selection,14,0.9077537688442211,0.02286038731405887,0.911760670138721,0.026758780610576263,0.8991219353759803,0.02527881061722075,0.9376944818732739,0.007587592170994448,1.8876965522766114,core_all_no_selection,rf_regularized_all_features,random_forest,none,14,14,0.025933811734552892
hgb_baseline,core_all_no_selection,14,0.940824120603015,0.018039727881143473,0.9320902028333797,0.02552674901719396,0.9340831780925487,0.02203088720925067,1.0,0.0,1.1366201400756837,core_all_no_selection,hgb_baseline,hist_gradient_boosting,none,14,14,0.06790979716662027
hgb_shallow_regularized,core_all_no_selection,14,0.9418291457286433,0.01943484731271207,0.9363781299041815,0.028261069980433127,0.9350743082899623,0.025131798675981747,0.9964831804281346,0.0006116207951070652,0.9858538627624511,core_all_no_selection,hgb_shallow_regularized,hist_gradient_boosting,none,14,14,0.060105050523953096
hgb_low_learning_rate,core_all_no_selection,14,0.9458492462311557,0.016580861758123535,0.9394976102407873,0.026194538281793953,0.9389371126516369,0.02183660100636325,0.9960173661322228,0.001230367353472399,1.6041380882263183,core_all_no_selection,hgb_low_learning_rate,hist_gradient_boosting,none,14,14,0.05651975589143554
rf_baseline,miq_6,14,0.9006884422110553,0.01608768365284472,0.9099789767264236,0.014979156225560555,0.8943937593965359,0.018265690964936063,0.9454475796317828,0.003209120191737341,1.0211981296539308,miq_6,rf_baseline,random_forest,MIQ,14,6,0.03546860290535925
rf_regularized,miq_6,14,0.896678391959799,0.017626049164554257,0.9081554406521228,0.014992401360484813,0.8914651594251796,0.0183570875155092,0.9302898786392966,0.003611083473297823,1.4029623508453368,miq_6,rf_regularized,random_forest,MIQ,14,6,0.02213443798717374
rf_regularized_all_features,miq_6,14,0.8947035175879398,0.015743313594387902,0.9069152095953781,0.017925714941358185,0.8891019017527725,0.017653110172393096,0.9243805605075719,0.0022899523846471085,1.6835520267486572,miq_6,rf_regularized_all_features,random_forest,MIQ,14,6,0.01746535091219381
hgb_baseline,miq_6,14,0.9247688442211055,0.020353510688292845,0.9241139356424106,0.020206432042776033,0.9182303264391329,0.023468789519224792,1.0,0.0,1.0482134819030762,miq_6,hgb_baseline,hist_gradient_boosting,MIQ,14,6,0.07588606435758938
hgb_shallow_regularized,miq_6,14,0.9187487437185929,0.012516340169680226,0.9216901050840235,0.01023897590025845,0.9114728093471858,0.014459861270372274,0.9815904371568204,0.001943182238039546,0.8907524585723877,miq_6,hgb_shallow_regularized,hist_gradient_boosting,MIQ,14,6,0.05990033207279688
hgb_low_learning_rate,miq_6,14,0.9177487437185932,0.012576019190520373,0.919859346392726,0.012392830653541834,0.9111147614269823,0.015364358270520937,0.9846784109851399,0.002169101831815193,1.3584893703460694,miq_6,hgb_low_learning_rate,hist_gradient_boosting,MIQ,14,6,0.06481906459241382
rf_baseline,mid_4,14,0.8876633165829146,0.00983826687807683,0.890964367517942,0.014519761174771701,0.8777609865452825,0.013907865480095542,0.9394523229356979,0.00876831911694772,0.9415207386016846,mid_4,rf_baseline,random_forest,MID,14,4,0.04848795541775597
rf_regularized,mid_4,14,0.8796482412060301,0.013006982214317741,0.8860714011570858,0.015308782710279726,0.8705545167604136,0.017093721950218847,0.9207780770589282,0.008821444815539852,1.4158006668090821,mid_4,rf_regularized,random_forest,MID,14,4,0.0347066759018424
rf_regularized_all_features,mid_4,14,0.8806482412060301,0.0162786181617895,0.8891134340156324,0.018901501938471354,0.8722928644545576,0.0201310238207009,0.9178164719631529,0.009055622232198836,1.5493975162506104,mid_4,rf_regularized_all_features,random_forest,MID,14,4,0.028703037947520493
hgb_baseline,mid_4,14,0.9197587939698492,0.01797671251574986,0.9124607874853099,0.020269978590698037,0.9098199963683674,0.02151077098164575,0.9996941896024465,0.0003745397160218814,0.9580025672912598,mid_4,hgb_baseline,hist_gradient_boosting,MID,14,4,0.0872334021171366
hgb_shallow_regularized,mid_4,14,0.902683417085427,0.022019538580336517,0.903282371864681,0.019798243018065015,0.8912686742949575,0.023686379731086307,0.9717662191496566,0.004553548256171341,0.7523691654205322,mid_4,hgb_shallow_regularized,hist_gradient_boosting,MID,14,4,0.06848384728497559
hgb_low_learning_rate,mid_4,14,0.9067085427135678,0.022195963403154127,0.9087765510591659,0.023963641295273265,0.8967777109024431,0.02614846405600446,0.9800720140044696,0.003724543304767155,1.2267807483673097,mid_4,hgb_low_learning_rate,hist_gradient_boosting,MID,14,4,0.07129546294530376
