representation,model_family,model_variant,n_selected_features,test_balanced_accuracy_mean,test_balanced_accuracy_std,train_balanced_accuracy_mean,balanced_accuracy_gap,mean_patient_recall,std_patient_recall,minimum_patient_recall,maximum_patient_recall
combined_peak,random_forest,rf_baseline,8,0.9203967050542552,0.01728480054721969,0.9597775242993688,0.03938081924511361,0.10896037485807336,0.10125874734587006,0.04716981132075472,0.26031746031746034
combined_peak,random_forest,rf_regularized,8,0.9136358157245583,0.023982593395502343,0.9406558982757461,0.02702008255118782,0.16612459139548125,0.15811828317043844,0.05660377358490566,0.39365079365079364
combined_peak,random_forest,rf_regularized_all_features,8,0.906193788272145,0.027757638511078323,0.9335698872024061,0.02737609893026105,0.2375404390556859,0.34958398936162255,0.06086956521739131,0.7619047619047619
combined_peak,hist_gradient_boosting,hgb_baseline,8,0.9295766801363708,0.025435206919967375,1.0,0.07042331986362915,0.06195437880969117,0.04267805402358301,0.018404907975460124,0.12063492063492064
combined_peak,hist_gradient_boosting,hgb_shallow_regularized,8,0.9314341951437329,0.02370155676026713,0.9929485553829727,0.06151436023923973,0.09289079064390215,0.057890530111215706,0.03067484662576687,0.14285714285714285
combined_peak,hist_gradient_boosting,hgb_low_learning_rate,8,0.9259400159492481,0.023740769446661803,0.9940210643044723,0.06808104835522422,0.06623840032094812,0.05359259678022416,0.018404907975460124,0.14285714285714285
core_all_no_selection,random_forest,rf_baseline,14,0.9234846842688282,0.022045418665232464,0.9605576832364866,0.037072998967658366,0.1665178179490172,0.15591287157800526,0.05652173913043478,0.3873015873015873
core_all_no_selection,random_forest,rf_regularized,14,0.9160895215219836,0.01897255447076431,0.9452511869281534,0.029161665406169712,0.22340151443799208,0.23941478815849768,0.05652173913043478,0.5714285714285714
core_all_no_selection,random_forest,rf_regularized_all_features,14,0.911760670138721,0.026758780610576263,0.9376944818732739,0.025933811734552892,0.23779544965609678,0.33923633487418164,0.05652173913043478,0.746031746031746
core_all_no_selection,hist_gradient_boosting,hgb_baseline,14,0.9320902028333797,0.02552674901719396,1.0,0.06790979716662027,0.06587570202408373,0.04835978344145243,0.02830188679245283,0.1365079365079365
core_all_no_selection,hist_gradient_boosting,hgb_shallow_regularized,14,0.9363781299041815,0.028261069980433127,0.9964831804281346,0.060105050523953096,0.08456423959237289,0.058550834369486666,0.04716981132075472,0.17142857142857143
core_all_no_selection,hist_gradient_boosting,hgb_low_learning_rate,14,0.9394976102407873,0.026194538281793953,0.9960173661322228,0.05651975589143554,0.08754706755783773,0.05849806015935074,0.03773584905660377,0.16825396825396827
miq_6,random_forest,rf_baseline,6,0.9099789767264236,0.014979156225560555,0.9454475796317828,0.03546860290535925,0.1681817097916737,0.16782630947831292,0.07391304347826087,0.41904761904761906
miq_6,random_forest,rf_regularized,6,0.9081554406521228,0.014992401360484813,0.9302898786392966,0.02213443798717374,0.2360013084451551,0.1838208736360443,0.06956521739130435,0.4984126984126984
miq_6,random_forest,rf_regularized_all_features,6,0.9069152095953781,0.017925714941358185,0.9243805605075719,0.01746535091219381,0.2592014234643464,0.3131845938005887,0.06956521739130435,0.7238095238095238
miq_6,hist_gradient_boosting,hgb_baseline,6,0.9241139356424106,0.020206432042776033,1.0,0.07588606435758938,0.10581024062241695,0.09109583080774904,0.03067484662576687,0.23809523809523808
miq_6,hist_gradient_boosting,hgb_shallow_regularized,6,0.9216901050840235,0.01023897590025845,0.9815904371568204,0.05990033207279688,0.12900510316777297,0.11328037631821056,0.06521739130434782,0.2984126984126984
miq_6,hist_gradient_boosting,hgb_low_learning_rate,6,0.919859346392726,0.012392830653541834,0.9846784109851399,0.06481906459241382,0.1272332240579119,0.10994120409721732,0.06748466257668712,0.2920634920634921
mid_4,random_forest,rf_baseline,4,0.890964367517942,0.014519761174771701,0.9394523229356979,0.04848795541775597,0.18162430216990677,0.15991490352939625,0.04716981132075472,0.3968253968253968
mid_4,random_forest,rf_regularized,4,0.8860714011570858,0.015308782710279726,0.9207780770589282,0.0347066759018424,0.29495842796773364,0.2645067094537186,0.06956521739130435,0.6761904761904762
mid_4,random_forest,rf_regularized_all_features,4,0.8891134340156324,0.018901501938471354,0.9178164719631529,0.028703037947520493,0.29765210025858146,0.29879670796555674,0.06956521739130435,0.7365079365079366
mid_4,hist_gradient_boosting,hgb_baseline,4,0.9124607874853099,0.020269978590698037,0.9996941896024465,0.0872334021171366,0.16850283166256735,0.12413059468441554,0.04782608695652174,0.3142857142857143
mid_4,hist_gradient_boosting,hgb_shallow_regularized,4,0.903282371864681,0.019798243018065015,0.9717662191496566,0.06848384728497559,0.1940631927323976,0.11335140837930602,0.08490566037735849,0.32063492063492066
mid_4,hist_gradient_boosting,hgb_low_learning_rate,4,0.9087765510591659,0.023963641295273265,0.9800720140044696,0.07129546294530376,0.18451474251574404,0.1221348095309603,0.07547169811320754,0.3006134969325153
