roi_id,roi_source_excel_column,k_ref_amplitude,k_ref_half_width,k_ref_peak_location,k_ref_integral,k_ref_peak_count,k_ref_multiple_responses,k_ref_response_detected,normalized_negative_fraction,majority_negative_trace,exclude_primary_analysis,exclusion_reason,k_ref_free_coef,k_ref_free_coef_ci_low,k_ref_free_coef_ci_high,k_ref_coef_fast,k_ref_coef_fast_ci_low,k_ref_coef_fast_ci_high,k_ref_tau_fast,k_ref_tau_fast_ci_low,k_ref_tau_fast_ci_high,k_ref_coef_slow,k_ref_coef_slow_ci_low,k_ref_coef_slow_ci_high,k_ref_tau_slow,k_ref_tau_slow_ci_low,k_ref_tau_slow_ci_high,k_ref_gof,k_ref_percent_fast,k_ref_fit_available,k_ref_fit_any_value_present,k_ref_fitted_peak_component,k_ref_fit_amplitude_relative_difference
ROI_001,B,4.132504981519288,22.884204303219718,204.0,145.73483504474277,1,False,True,0.07789142407553108,False,False,,0.06175741972680309,-1.4130412438085902,1.5365560832621965,4.198517979491505,0.7397389034360593,7.65729705554695,28.455555673236038,17.79275575926447,39.1183555872076,1.7909751857098045e-05,-2.0728027697130478,2.072838589216762,100.00045211443519,-29575701.18548007,29575901.1863843,0.9968273641308668,0.999995734286349,True,True,4.198535889243361,0.015978421809378546
ROI_002,C,2.346396923598419,17.9298241909448,204.0,60.76175308653334,1,False,True,0.0952006294256491,False,False,,0.04471788380979678,-633.2813118689998,633.3707476366193,2.528793140371761,2.230458492180583,2.8271277885629393,16.834815209400848,14.646294020177027,19.023336398624668,0.008393669168859195,-633.0110466125323,633.02783395087,3131.1946021255626,-243735940.24374828,243742202.63295254,0.9909928846497086,0.9966917417600878,True,True,2.5371868095406205,0.08131185479463013
ROI_003,D,6.263296219929233,9.635272258117482,203.0,136.56782578421013,1,False,True,0.013375295043273014,False,False,,1.9799602009986774e-09,,,5.94386057770572,5.765319377201346,6.122401778210094,7.050517520132889,6.605310747525857,7.495724292739921,1.0502570298265983,0.9079771273191908,1.1925369323340058,104.3980347682431,79.67756139590115,129.11850814058502,0.9871914978570118,0.8498370932888627,True,True,6.994117607532318,0.11668319075787585
ROI_004,E,4.667348027558255,12.775320960330504,204.0,96.06398365736837,1,False,True,0.11801730920535011,False,False,,0.08900485655730415,-404.5180633225308,404.69607303564544,4.782910291382763,4.656147628611876,4.909672954153649,12.487346399669844,12.00203361829557,12.972659181044119,0.06204975345383612,-404.41396139959454,404.5380609065022,3371.9148256547032,-22566820.60466333,22573564.434314642,0.9982343117959844,0.9871929277270378,True,True,4.844960044836599,0.038054161855862835
ROI_005,F,4.415486664117939,10.662048759901097,204.0,77.23338002367998,1,False,True,0.06058221872541306,False,False,,1.874221071097737e-10,,,4.2444870144149105,4.199321866420817,4.289652162409004,11.085827892167638,10.841896813895188,11.329758970440087,0.2195889511691518,0.19417950449397248,0.24499839784433114,100.000000003934,,,0.9972905974663477,0.9508097637983582,True,True,4.464075965584063,0.011004291296128349
ROI_006,G,4.728940865391623,9.452686766658417,203.0,63.711059484155754,1,False,True,0.044846577498033044,False,False,,6.4558979386762595e-09,,,4.7758471255781405,4.725304416142186,4.826389835014095,10.056507286190605,9.850629970382968,10.262384601998242,0.08674255157300492,0.03577954413655707,0.13770555900945278,100.00494806604043,13.750566060672426,186.25933007140844,0.9988936408309894,0.982161243836674,True,True,4.862589677151146,0.02826189110073693
ROI_007,H,3.734535032039969,14.45457423830075,204.0,83.07102714256148,1,False,True,0.2690794649881983,False,False,,0.04907807485180289,-14.19035121733966,14.288507367043266,3.6914506825122158,3.6086122436249384,3.774289121399493,15.963987092674998,15.559505323998579,16.368468861351417,0.044267223878446296,-14.10997953087526,14.198513978632151,890.9622828284026,-318177.008364698,319958.9329303548,0.999621385432432,0.9881502766034023,True,True,3.7357179063906623,0.0003167393907259878
ROI_008,I,5.244413849275475,13.245994004451774,204.0,88.21232171531626,1,False,True,0.04720692368214005,False,False,,0.032352039893932476,-87.29530886561338,87.36001294540125,5.56420815490081,5.349575811968394,5.778840497833227,12.19250086864741,11.501074808114176,12.883926929180646,0.005146112311510413,-87.10170122100338,87.1119934456264,1210.6456449530162,-22081333.692220483,22083754.983510386,0.9961317899554737,0.99907599479857,True,True,5.56935426721232,0.06195933945635067
ROI_009,J,5.700334149884663,24.42043983526119,204.0,170.13019139692364,1,False,True,0.14240755310778913,False,False,,1.0116787768315772e-09,,,5.6322038935465955,5.518237934458131,5.7461698526350595,28.28256820404519,27.355352009465104,29.209784398625278,1.1730624474993578e-09,,,100.00000000493249,,,0.9832960094668161,0.9999999997917223,True,True,5.632203894719658,0.011951975686615357
ROI_010,K,5.480452942740591,15.318603333345465,203.0,156.63087097300684,1,False,True,0.03619197482297404,False,False,,6.22453754681356e-09,,,4.594968748970226,4.465411327889929,4.724526170050523,13.881252149743018,13.031075070145008,14.731429229341028,1.1613370616965064,1.0706820612249632,1.2519920621680496,100.00000000047497,,,0.9862107274700755,0.7982495892514104,True,True,5.756305810666732,0.05033395429323701
ROI_011,L,4.880571229755613,20.048367059840984,204.0,118.10563052322806,1,False,True,0.05507474429583006,False,False,,7.843667225158573e-08,-0.04215255276121764,0.04215270963456215,5.06993920972036,4.987731889721984,5.152146529718736,19.932779470334122,19.204523893841362,20.661035046826882,3.5063167895345905e-10,,,100.00000121166826,-16391353514.670488,16391353714.670492,0.9912532658627862,0.9999999999308411,True,True,5.0699392100709915,0.03880037221070541
ROI_012,M,5.8300586009218724,17.189333148767872,204.0,163.20849991907193,1,False,True,0.14398111723052714,False,False,,1.2494118808129078e-12,,,5.4305935478090746,5.326053720107077,5.535133375511072,21.42974174275993,20.540915900422668,22.318567585097192,0.3349623717232,0.2291312792042018,0.4407934642421982,100.00000000222397,,,0.9943170193277742,0.941902849196479,True,True,5.765555919532274,0.011063813557448413
ROI_013,N,6.063224254693868,16.490759715020374,204.0,172.35406506231243,1,False,True,0.0,False,False,,0.06943672353823281,-0.6631565372645504,0.802029984341016,5.613411136697198,4.9240795342429635,6.302742739151432,17.21519410629057,15.621371978381871,18.80901623419927,0.5185053356537248,0.2959081664943215,0.7411025048131281,100.0084156183478,-275.2379690260714,475.254800262767,0.998312667556334,0.9154415527361327,True,True,6.131916472350922,0.011329321623536559
ROI_014,O,5.4708373211414445,24.786011911749057,204.0,220.4134787506382,1,False,True,0.07867820613690008,False,False,,1.9590249497439033e-09,,,5.080748534533476,,,41.52952636648873,,,1.957237186213346e-11,,,100.000000029912,,,0.9743388007334642,0.9999999999961476,True,True,5.080748534553049,0.07130330581772937
ROI_015,P,4.964405305277004,14.999069305858256,204.0,146.1381284446913,1,False,True,0.03147128245476003,False,False,,5.234086894179383e-10,,,4.473102658129242,4.384754533778608,4.561450782479875,12.823207959713425,12.281994162717448,13.364421756709403,0.9006931021618259,0.8434977676569174,0.9578884366667343,100.00000000023036,,,0.9924733913052259,0.8323916385476771,True,True,5.373795760291068,0.08246515540922796
ROI_016,Q,6.15545542039755,15.872803147861788,204.0,218.04931602207867,1,False,True,0.0015735641227380016,False,False,,2.2228459504095444e-14,,,4.040774727640832,3.8220636029117316,4.259485852369933,11.029419707091941,9.796386354371968,12.262453059811914,2.220552919387126,2.0980995885903813,2.343006250183871,100.00000000000003,,,0.9656910037226132,0.6453543011055893,True,True,6.261327647027958,0.01719973899568436
ROI_017,R,2.8794518940401206,13.907983080051451,204.0,73.37684891382308,1,False,True,0.02753737214791503,False,False,,0.0018003188120010792,-0.07608448678268906,0.0796851244066912,2.5082425629912946,2.4590350820982354,2.5574500438843537,12.954814450141285,12.694937143544074,13.214691756738496,0.3905918594768103,0.355657539945349,0.4255261790082716,100.15823728354123,52.701927812845085,147.61454675423738,0.9998066915118674,0.8652589963574893,True,True,2.898834422468105,0.0067313256623950405
ROI_018,S,3.8536193465084305,15.563286914661177,204.0,97.96208802268372,1,False,True,0.04799370574350905,False,False,,0.08898534967367376,-0.5862544686346649,0.7642251679820125,3.708164489848232,3.1660752024362684,4.250253777260196,18.69028438050071,16.72496118840149,20.65560757259993,0.04658127809122387,-0.16364721067758928,0.25680976686003704,110.93379328185638,-3903.1635632971283,4125.031149860841,0.9980812257411344,0.987594026075223,True,True,3.7547457679394562,0.02565732878068474
ROI_019,T,3.110534589463938,17.548260012078572,204.0,95.93365949280704,1,False,True,0.02989771833202203,False,False,,0.048159686537542594,-0.08175854518822676,0.17807791826331196,2.6907435613216175,2.5644056757350593,2.8170814469081757,17.678488108820236,17.06924539611325,18.287730821527223,0.3825493539219856,0.3433764426150534,0.42172226522891776,100.28981521681592,8.996237833086823,191.58339260054504,0.9998014867594985,0.8755246035857721,True,True,3.073292915243603,0.011972756820155828
ROI_020,U,6.176986518595245,13.962614130270623,204.0,116.23950861904223,1,False,True,0.22108575924468923,False,False,,0.048942785199308864,-980.2281356421996,980.3260212125982,6.469682370841098,6.21738420745485,6.721980534227346,13.609332918801115,12.895864450714967,14.322801386887264,0.01853756577651112,-979.9988667114301,980.035941842983,3850.5894346343534,-208464580.67248723,208472281.85135648,0.9972900726218386,0.9971428888111683,True,True,6.488219936617609,0.05038596362245969
ROI_021,V,5.747829745576287,15.455332750349129,205.0,208.17134040040114,1,False,True,0.03619197482297404,False,False,,1.9789263376698336e-09,,,4.401975573403103,4.217627286352265,4.586323860453941,8.957675929716945,8.180241704423507,9.735110155010384,1.773124263699713,1.6038132372477596,1.9424352901516666,115.94692887270429,96.5893272308135,135.3045305145951,0.9844653983927193,0.7128590127327216,True,True,6.175099837102816,0.07433589901568836
ROI_022,W,6.228568353512244,20.47907616752329,204.0,238.05299350019789,1,False,True,0.021243115656963022,False,False,,2.452128981206828e-13,,,4.537594005770645,4.251271189026923,4.8239168225143665,24.70809445237205,21.596308436120847,27.81988046862325,1.4585464333631593,1.149122186916538,1.7679706798097805,100.00000000000003,,,0.9696982891762855,0.7567524563227443,True,True,5.996140439133804,0.03731642669496846
ROI_023,X,5.9330758056107005,18.262276816727933,203.0,234.91075362918954,1,False,True,0.13453973249409915,False,False,,2.2231371953985172e-14,,,3.6390722940028946,3.4030594003873604,3.8750851876184287,12.08308414021522,10.430482382133787,13.735685898296653,2.5608544808756086,2.416659243887604,2.7050497178636133,100.00000000000003,,,0.9587588446034381,0.5869540764171699,True,True,6.199926774878503,0.04497683461509984
ROI_024,Y,5.030792240848572,15.12172678598381,204.0,179.57730748713035,1,False,True,0.10306845003933911,False,False,,8.64929848330657e-06,-2.9821987957368035,2.98221609433377,4.520681469493868,4.110064487741697,4.93129845124604,10.694665253465127,9.309911470824462,12.079419036105792,1.1299701209114936,-1.4469110030115802,3.706851244834567,173.49036284242746,-562.4501592094043,909.4308848942592,0.9836323346610653,0.8000283502118324,True,True,5.650651590405362,0.1232130686144643
ROI_025,Z,6.11286523018716,12.779772995605725,204.0,204.5234328112893,1,False,True,0.1982690794649882,False,False,,0.13585984162648704,-148.86413818634225,149.1358578695952,5.956816244576414,5.678991306985147,6.234641182167681,9.1533570853148,8.369153408022438,9.937560762607163,0.7214952234206129,-148.00843778698615,149.4514282338274,1283.1822748467919,-280901.2698769181,283467.63442661165,0.9850137317148581,0.8919644244090632,True,True,6.678311467997027,0.09250101491155467
ROI_026,AA,5.609595735145511,17.25228910516344,204.0,124.31437500120246,1,False,True,0.12352478363493312,False,False,,0.031119160078703578,-2.3902369798913763,2.4524753000487833,6.073734139869799,5.031511232153724,7.115957047585875,16.295971628263104,13.857627950251091,18.734315306275114,0.0016897269965123261,-1.41991095282559,1.4232904068186147,130.61479853207496,-388748.60775688937,389009.83735395357,0.9925608390442505,0.9997218750438586,True,True,6.075423866866312,0.08304130167567542
ROI_027,AB,5.521313385332619,13.321090215372578,204.0,126.94951228657713,1,False,True,0.07081038552321008,False,False,,4.004998381647643e-10,,,5.026934551416999,4.881022429315896,5.172846673518102,11.037672566939529,10.448862283812511,11.626482850066546,0.7278987338031969,0.5756861331996891,0.8801113344067047,100.00000007946589,70.58652644040556,129.4134737185262,0.9944994361493718,0.8735152353287772,True,True,5.7548332852201955,0.04229426652504862
ROI_028,AC,5.056473606255312,13.214485236395603,204.0,97.44406329584703,1,False,True,0.03461841070023604,False,False,,0.09370176788430906,-0.3147675917529699,0.5021711275215881,5.081075698578302,4.888919789265969,5.273231607890636,12.892814780749562,12.372881657977082,13.412747903522042,0.018243384621877134,-0.21147519156350275,0.24796196080725702,112.19168158528673,-5332.808302918224,5557.191666088797,0.9989616390318404,0.9964223881023683,True,True,5.09931908320018,0.008473390801815656
ROI_029,AD,4.530204890892315,23.8676579867913,203.0,159.77121478285196,1,False,True,0.010228166797797011,False,False,,5.733649077682506e-06,-0.28036279023938365,0.28037425753753903,4.739328962013726,3.999311994478981,5.479345929548471,30.55927883297132,26.511269888123103,34.607287777819536,5.8715781864448296e-08,-1.0322126083320236,1.0322127257635871,100.00000778217864,-271857222.60558933,271857422.60560495,0.9944831004200579,0.9999999876109505,True,True,4.739329020729508,0.04616217916713287
ROI_030,AE,5.1724644873405365,14.687914209683044,203.0,134.27653679059975,1,False,True,0.17466561762391816,False,False,,5.209931451760039e-10,,,4.49573664075574,4.386947441060877,4.604525840450603,15.838554527669018,14.988620367649016,16.68848868768902,0.755177273135437,0.6686986888854963,0.8416558573853777,100.00000000003472,,,0.9891939053984068,0.8561817455933467,True,True,5.250913913891177,0.01516674048563174
ROI_031,AF,4.977223944291301,10.68074395589025,204.0,79.4260382298241,1,False,True,0.022029897718332022,False,False,,4.362117799447656e-06,-0.21245650792724854,0.21246523216284743,4.75899376486646,4.657285271268988,4.860702258463933,10.11349371458312,9.827590404747466,10.399397024418773,0.22692461143395629,0.10485587714469616,0.3489933457232164,100.0084769061497,-107.05115812356101,307.06811193586043,0.9991577556337128,0.9544868980381632,True,True,4.9859183763004165,0.0017468436434506826
ROI_032,AG,6.303577622974827,20.28050930834985,204.0,172.23016804054376,1,False,True,0.03147128245476003,False,False,,0.016074851230072438,-1.3938472337121985,1.4259969361723432,6.952444693980652,5.172712638788863,8.73217674917244,20.381309018114653,16.937665568287755,23.82495246794155,3.1034169300036567e-06,-0.7859354550223894,0.7859416618562494,100.360311899333,-130230836.35976689,130231037.08039068,0.9930978256698458,0.9999995536224047,True,True,6.952447797397582,0.10293681036905131
ROI_033,AH,3.6029238370860757,12.123572341801378,204.0,69.39427064290352,1,False,True,0.004720692368214005,False,False,,0.1071890561912878,-0.4022054439783521,0.6165835563609278,3.781027393069694,3.5961631947386317,3.9658915914007564,10.567779973699581,9.888157400281447,11.247402547117716,0.0021976254618436006,-0.33445787681618716,0.33885312773987436,114.08980812334055,-53658.182119613855,53886.36173586053,0.9955320430239952,0.9994191132033969,True,True,3.7832250185315375,0.050043017726204106
ROI_034,AI,4.312738103769984,11.161538036804103,204.0,72.61255668076133,1,False,True,0.15342250196695514,False,False,,0.00014084361301380484,-2.08379728785161,2.084078975077637,4.439992695002117,4.312111089260238,4.567874300743997,9.760103935535655,9.305363710465413,10.214844160605898,0.15321683230047306,-1.8046372852294656,2.111070949830412,242.26318395582223,-4355.377180891646,4839.903548803291,0.9965661631839975,0.9666427513507202,True,True,4.593209527302591,0.06503326118676957
ROI_035,AJ,4.666899282816968,12.447635147755022,204.0,79.7551506849621,1,False,True,0.0999213217938631,False,False,,0.07017867920874292,-4.0700269758455,4.210384334262986,5.093034905035338,4.843169741104356,5.342900068966319,10.759375996103737,9.967999418991317,11.550752573216156,0.0002972361100091391,-3.8889940868331805,3.8895885590531987,251.67560412746667,-4877174.9687485425,4877678.319956797,0.9927990315342353,0.9999416421113384,True,True,5.093332141145347,0.09137391498857926
ROI_036,AK,6.220509224647839,14.530908255389875,204.0,131.6753901152569,1,False,True,0.0,False,False,,0.11406874420364965,-3512.4272117667865,3512.6553492551934,6.420362797531436,6.102969611181374,6.737755983881499,13.379439055399004,12.457730638620909,14.3011474721771,0.029597262168605292,-3512.18136031071,3512.2405548350466,6411.215096708964,-771648152.7425631,771660975.1727566,0.9952432421100232,0.9954112487682627,True,True,6.449960059700041,0.0368861819452076
ROI_037,AL,4.78751285584415,12.677348293635845,204.0,98.07557289610355,1,False,True,0.007867820613690008,False,False,,0.10857223369601109,-473.66298678424704,473.88013125163906,4.728297667685935,4.665293156542573,4.791302178829298,12.890642365450555,12.643236386896652,13.138048344004458,0.025651382123398736,-473.68024554874916,473.7315483129959,5211.459448901161,-97910610.39527391,97921033.31417172,0.9996029003640897,0.9946041949851299,True,True,4.753949049809334,0.007010697839452112
ROI_038,AM,4.156482226941027,19.139117183115786,204.0,102.83607998994097,1,False,True,0.07395751376868608,False,False,,0.012918123031541513,-2.7335992342958737,2.7594354803589565,4.662934066965103,3.1137358081188715,6.212132325811334,18.40715369325506,13.752602371556065,23.061705014954057,0.0004193648184525327,-1.2888702908569665,1.2897090204938715,125.52573943196892,-1834061.7625636067,1834312.8140424709,0.9868769510224829,0.9999100722635358,True,True,4.663353431783555,0.12194716040336859
ROI_039,AN,5.1640277772028895,10.938532515718208,204.0,81.5571834079268,1,False,True,0.07867820613690008,False,False,,0.0001858566066251393,-1.3957827087320323,1.3961544219452824,5.247766976216881,5.14741947719187,5.348114475241892,10.260054468516897,9.957649905274032,10.562459031759762,0.125791699472567,-1.170489954871372,1.422073353816506,228.83889431797144,-3401.7938700088375,3859.4716586447807,0.9987593210742172,0.976590615816356,True,True,5.3735586756894484,0.04057509129047558
ROI_040,AO,6.819824594940962,10.945326517740625,203.0,164.18295352242765,1,False,True,0.0055074744295830055,False,False,,9.54252984441316e-10,,,6.328492127254277,6.076584432285928,6.580399822222626,8.38571662215674,7.699113142938011,9.072320101375471,1.3328324453751503,1.1024511235688497,1.563213767181451,100.00000080834599,72.62098554498296,127.37901607170902,0.9832311023857527,0.8260310690742984,True,True,7.661324572629427,0.12339026700374393
ROI_041,AP,7.0254580606453345,12.920549351065574,204.0,136.62735298719053,1,False,True,0.0,False,False,,0.11156324385542167,-1589.6338022371856,1589.8569287248965,7.218528410862286,7.0217503791884734,7.415306442536098,12.688187865868112,12.184994168425938,13.191381563310287,0.024966520408192888,-1589.5164016349997,1589.5663346758163,5371.125435870294,-347692454.66750443,347703196.9183762,0.9981760724410054,0.996553249412737,True,True,7.243494931270479,0.031035253323413333
ROI_042,AQ,4.176941926845279,12.723059214633992,204.0,85.20955523843561,1,False,True,0.0967741935483871,False,False,,0.0038752327834134844,-1.867676822265093,1.87542728783192,4.131266178848417,4.050043360124955,4.212488997571879,12.694254391840076,12.366527591179862,13.02198119250029,0.16645360335786435,-1.6223548701382842,1.9552620768540128,311.97387125088926,-4336.595758172836,4960.543500674616,0.9993750674268631,0.9612693214557572,True,True,4.297719782206282,0.0289153781585426
ROI_043,AR,4.8617066647046725,15.572292457674592,204.0,130.22267053684294,1,False,True,0.13847364280094415,False,False,,0.050420058198462576,-7.444390495913239,7.5452306123101645,4.833398834988083,4.542384697698483,5.124412972277683,15.008223971386457,13.988395727041128,16.028052215731787,0.27759881345728893,-6.9203076853607355,7.475505312275314,353.310583900786,-12065.113117518487,12771.734285320059,0.9971936476888905,0.9456859829427378,True,True,5.110997648445372,0.051276434580168805
ROI_044,AS,5.532803815777182,12.954242614872328,204.0,138.04258395753635,1,False,True,0.003933910306845004,False,False,,4.5409658992216326e-14,,,4.645330495366231,4.513906834081531,4.776754156650931,12.56106345709982,11.805102146174185,13.317024768025455,0.9180370216776513,0.8346551765647304,1.0014188667905723,100.00000000000166,,,0.9848823366237943,0.8349853719235406,True,True,5.563367517043883,0.005524089102806437
ROI_045,AT,4.218526228013836,11.279029788559455,204.0,71.47186617272024,1,False,True,0.05586152635719906,False,False,,0.00011330749472946875,-0.17688328651192423,0.17710990150138314,4.139383091254279,4.048792497834062,4.229973684674497,10.802308872169688,10.5096151367616,11.095002607577776,0.19373511418189562,0.09728159616528001,0.2901886321985112,100.07794486918652,-105.6231694667051,305.77905920507817,0.9993368296933921,0.9552896770877743,True,True,4.3331182054361745,0.027163983635178354
ROI_046,AU,2.330835300188856,11.204751068824692,204.0,48.55727262762715,1,False,True,0.16837136113296616,False,False,,2.666227803814025e-06,-0.10834925663759927,0.1083545890932069,2.1512626252711717,2.099500576621406,2.2030246739209374,10.090449341561992,9.76858594319101,10.412312739932975,0.2505915608459913,0.18823756619499374,0.3129455554969889,100.00015344451496,4.4346679404129645,195.56563894861696,0.9990159351816343,0.8956674546296677,True,True,2.401854186117163,0.030469285377028945
ROI_047,AV,3.7480543353639533,13.754514555770072,205.0,81.6606691573141,1,False,True,0.1038552321007081,False,False,,0.027717181968868333,-0.08412997898395633,0.13956434292169298,3.4882874466823957,3.4212915107582407,3.5552833826065506,12.619010981590563,12.363420186920534,12.874601776260592,0.23544349656097951,0.1827060980678014,0.28818089505415767,100.9661222736571,-11.277320081321477,213.2095646286357,0.9997601782821268,0.9367721513316674,True,True,3.723730943243375,0.006489604990802832
ROI_048,AW,5.620617890229565,17.50251345658441,204.0,131.1893601598054,1,False,True,0.07710464201416208,False,False,,0.02794934768981935,-2.205385295561701,2.2612839909413394,6.002616455777615,4.937592278946395,7.0676406326088355,17.505305565492066,14.99031656335753,20.020294567626603,0.002114794040527116,-1.2143625290856297,1.2185921171666838,130.313607291008,-292919.4701753966,293180.09738997865,0.9946953968222106,0.9996478120414479,True,True,6.004731249818143,0.0683400592408692
ROI_049,AX,6.320283070915228,14.966508585461924,203.0,186.52174080318275,1,False,True,0.006294256490952006,False,False,,8.267948412321003e-09,,,5.657591087018003,5.276159777561673,6.039022396474333,11.936453825413423,10.534632535355605,13.338275115471241,1.4672329769495087,1.0613390698408092,1.8731268840582083,100.00000079962034,62.53797354697991,137.46202805226076,0.979923311645166,0.7940674795929671,True,True,7.124824063967512,0.12729508853086532
ROI_050,AY,5.990428410138714,10.298148565919746,204.0,98.67546928862927,1,False,True,0.021243115656963022,False,False,,1.1059473636581815e-08,,,5.911115969679084,5.8453927295664405,5.976839209791728,9.687252006201673,9.472233553559109,9.902270458844237,0.2792245074757757,0.21485149707351436,0.34359751787803705,106.45055747690027,67.81345284645577,145.08766210734478,0.9986333480767143,0.9548935137725882,True,True,6.19034047715486,0.033371914883048685
ROI_051,AZ,3.416665594322211,15.593122290753996,204.0,99.54031204201539,1,False,True,0.016522423288749016,False,False,,0.12213823309103569,-0.04752186068387568,0.2917983268659471,3.1411673124629313,3.011162115993576,3.2711725089322865,16.09807365188629,15.550992408826282,16.645154894946295,0.22146065091805722,0.1621205105171104,0.28080079131900404,104.0035074411495,-94.27080492475135,302.2778198070503,0.9996875204455558,0.9341406027280558,True,True,3.3626279633809886,0.015815896946725434
ROI_052,BA,3.007430227782394,16.9223535619779,204.0,92.26062918978823,1,False,True,0.12195121951219512,False,False,,6.7479590719035735e-12,,,2.415990041454372,2.3939177487120493,2.4380623341966943,17.476951800019375,17.120811704996598,17.833091895042152,0.5455131773448606,0.5263200357612035,0.5647063189285177,100.00000000888312,,,0.9986311342071893,0.8157985532880684,True,True,2.9615032187992325,0.015271180211893746
ROI_053,BB,2.5924553918079076,16.51461565689408,204.0,74.78175177938914,1,False,True,0.2022029897718332,False,False,,1.658896287914794e-06,-0.02638208385795512,0.026385401650530948,2.163766627953955,2.1280052359143706,2.199528019993539,17.0149073401935,16.559332469493654,17.470482210893344,0.3990718913116988,0.3344872429389689,0.46365653968442866,100.0000000006066,,,0.9991035349005225,0.844285198496998,True,True,2.5628385192656538,0.01142425541278065
ROI_054,BC,5.38669016712328,16.842886666188747,204.0,120.97321843219143,1,False,True,0.02753737214791503,False,False,,0.0761471201844245,-1775.6780322477275,1775.8303264880965,5.365010277725583,4.824932617614418,5.905087937836748,16.527464010495628,14.655468671384169,18.399459349607085,0.012382788347836413,-1775.1854141243316,1775.2101797010273,3850.8637016165785,-566305646.6662968,566313348.3937,0.9926454443680589,0.9976972506573937,True,True,5.377393066073419,0.0017259394473074137
ROI_055,BD,5.673385419200393,14.00015215645098,204.0,107.2592400625999,1,False,True,0.0007867820613690008,False,False,,0.05440468817606795,-1278.9889206226387,1279.0977299989906,6.119627372898421,5.8043817956318815,6.43487295016496,12.52145687793168,11.554225045579802,13.488688710283558,0.006335229504547788,-1278.705497482301,1278.7181679413104,3771.3081903788684,-779444264.1088326,779451806.7252133,0.9931318387595925,0.9989658393438343,True,True,6.125962602402969,0.07977197912042468
ROI_056,BE,5.411571047408957,14.55967828461769,204.0,114.97186182421183,1,False,True,0.03697875688434304,False,False,,2.0138770916961293e-08,-1.5746265676440958,1.5746266079216376,5.583867304692513,4.623361884815637,6.544372724569389,12.55270843935841,10.270189391384537,14.835227487332283,0.4023528529885082,-0.3302699372645591,1.1349756432415754,100.00000040491837,-821.5872816065533,1021.5872824163902,0.9810480997786585,0.9327868266802313,True,True,5.986220157681021,0.10618896162274422
ROI_057,BF,5.83657638994708,11.524171672150828,204.0,123.80729194939218,1,False,True,0.1093627065302911,False,False,,2.1975454155283654e-12,,,5.272112538280392,5.1593851024509885,5.384839974109795,9.029802745201511,8.647999089653077,9.411606400749946,0.8462411706301738,0.7935882494598598,0.8988940918004877,100.00000000015785,,,0.9907424481795671,0.8616880927629704,True,True,6.118353708910566,0.04827784306032884
ROI_058,BG,5.50606874491916,15.009983433167548,204.0,103.56985081980017,1,False,True,0.03383162863886703,False,False,,0.006609752639022227,-1.3359973667056733,1.3492168719837179,5.976715315481725,5.255795604479744,6.697635026483706,13.890784194284207,12.249379143411089,15.532189245157324,0.0002634954463590195,-0.6797462973848091,0.6802732882775272,110.42723105344123,-1262802.9979743073,1263023.852436414,0.992949938997939,0.9999559149438715,True,True,5.976978810928084,0.0855256423094001
ROI_059,BH,5.975196542166505,15.363869965571837,204.0,165.11384393124376,1,False,True,0.02753737214791503,False,False,,1.5758013177157122e-10,,,5.359446644233053,5.270788184168562,5.448105104297544,16.635182175841422,16.02233674326124,17.248027608421605,0.7095512123094653,0.63578587914661,0.7833165454723205,100.00000000000023,,,0.9947774218337968,0.8830859346004624,True,True,6.068997856542518,0.01569844836300606
ROI_060,BI,2.9749193816403134,11.280669758810546,204.0,59.633311839744785,1,False,True,0.11014948859166011,False,False,,1.998023409121772e-08,-0.025965592508606423,0.025965632469074608,2.626600642069452,2.59629065290989,2.6569106312290143,11.646492947535155,11.368617756189566,11.924368138880743,0.27753235848263325,0.2230058754145991,0.3320588415506674,100.0000000033945,,,0.9985384298833448,0.9044353828044812,True,True,2.9041330005520853,0.023794386337016585
ROI_061,BJ,3.7172060634076334,12.776310090282152,204.0,81.15638693467582,1,False,True,0.1093627065302911,False,False,,9.582190720919422e-08,-0.04758842135396271,0.04758861299777713,3.1816428817130356,3.124285383093536,3.239000380332535,13.748918140650021,13.275195204655477,14.222641076644566,0.35928195679076863,0.25312571684404594,0.4654381967374913,100.00000000040339,,,0.9976280716180861,0.8985344300777136,True,True,3.540924838503804,0.04742304351624481
ROI_062,BK,3.0983841815573494,14.582683627301037,204.0,77.48465243442624,1,False,True,0.044059795436664044,False,False,,1.4521901342481722e-12,,,2.6840831177299527,2.65905639533719,2.709109840122715,16.036842488383787,15.704814684828612,16.36887029193896,0.3271885042190916,0.30706015213682275,0.3473168563013605,100.00000000000837,,,0.9982711898995063,0.8913454031067052,True,True,3.011271621949044,0.028115480361289382
ROI_063,BL,4.812091198666661,14.08783675603297,204.0,104.62453059399968,1,False,True,0.003147128245476003,False,False,,0.017281954509222694,-41.12021401737027,41.15477792638872,4.9017561414349435,4.731296970621036,5.072215312248851,13.36042590427863,12.736124891752945,13.984726916804314,0.14923694479160435,-40.81231517975191,41.11078906933512,971.5096315270496,-292803.8851033728,294746.9043664269,0.9979173222248392,0.970453939998739,True,True,5.050993086226548,0.049646167891847594
ROI_064,BM,1.827038798237885,21.12865478641251,205.0,58.48755843876646,1,False,True,0.5861526357199056,True,True,majority_negative_normalized_trace,0.0015963855081294548,-0.19481514371952333,0.19800791473578225,1.5869808442565843,1.3338268627787948,1.8401348257343737,20.929596355624543,18.87156901386314,22.987623697385946,0.25066170359706247,0.16448604224284438,0.3368373649512806,100.09494215011189,-129.32322724523044,329.5131115454542,0.9992331196404753,0.8635960492480795,True,True,1.8376425478536467,0.00580379005962465
ROI_065,BN,4.441631121229457,13.887541360303857,204.0,92.34509482477827,1,False,True,0.07789142407553108,False,False,,0.0010736169107167688,-0.4726618634418728,0.47480909726330633,4.371383794038309,4.258712286673515,4.484055301403102,13.856822084739193,13.47310877967244,14.240535389805945,0.1996002458637133,-0.16304606391053159,0.5622465556379582,153.31691015421066,-500.0874473710246,806.7212676794459,0.9995509125945153,0.9563332000021615,True,True,4.570984039902022,0.02912284139362753
ROI_066,BO,3.8983497479446876,18.217417092195745,204.0,87.03483240790852,1,False,True,0.014948859166011016,False,False,,4.677669565420248e-09,,,4.155039537794176,4.088779206184245,4.221299869404106,17.40472798457636,16.96828250681585,17.841173462336872,1.1770736401568872e-10,,,100.00000007110599,-1764556301.7311726,1764556501.7311726,0.9917990390124531,0.9999999999716711,True,True,4.155039537911883,0.06584575693920984
ROI_067,BP,5.170152654794514,12.970001859217234,204.0,94.82217958767093,1,False,True,0.010228166797797011,False,False,,0.0888358664772769,-0.4433376665756259,0.6210093995301798,5.239423462782073,5.004604967624863,5.474241957939282,12.229253963950896,11.611177966372455,12.847329961529336,0.01566844947598588,-0.2975945545104634,0.3289314534624352,112.28694021122178,-8026.954373594135,8251.528254016579,0.9981083531329438,0.9970184252268857,True,True,5.255091912258059,0.01642877166978369
ROI_068,BQ,5.19450214585884,12.22078013941561,204.0,88.766353772339,1,False,True,0.14634146341463414,False,False,,0.07921209662914187,-0.5466339314419673,0.705058124700251,5.417090358376832,5.1928625406400215,5.641318176113643,11.185000513456085,10.605167315358184,11.764833711553987,0.00038885544436669076,-0.4138532224073375,0.41463093329607087,117.45541412423287,-381820.6556651941,382055.5664934426,0.9974221820947041,0.9999282220698927,True,True,5.417479213821199,0.042925589729541504
ROI_069,BR,4.8276665541330255,9.764322723055272,204.0,63.16616431353391,1,False,True,0.08418568056648308,False,False,,0.004009899167099147,-4.742831355183859,4.750851153518057,5.027561864272291,4.93890041196673,5.116223316577851,8.454782125758804,8.177653972713262,8.731910278804346,0.05199176706499181,-4.610960215237923,4.714943749367907,411.4576291564074,-45032.69615804249,45855.61141635531,0.9976047233252009,0.9897645008127802,True,True,5.079553631337283,0.052175740470023456
ROI_070,BS,2.013975032065043,17.129923063550365,204.0,55.72732178198086,1,False,True,0.17309205350118018,False,False,,0.06513431598994555,-181.5790896521292,181.7093582841091,2.0803509133571443,1.843914628480227,2.3167871982340618,16.03376724047932,13.941497068897318,18.126037412061326,0.0035127651309838086,-181.39681341545543,181.40383894571738,1852.2886356606368,-100868899.42332348,100872604.0005948,0.9898051538581061,0.9983143018580121,True,True,2.083863678488128,0.03470184352356356
ROI_071,BT,5.403960145846101,11.84948994352709,204.0,126.05934076515135,1,False,True,0.043273013375295044,False,False,,1.1023509003935171e-07,-0.6766456747635912,0.6766458952337713,4.9829245295609566,4.7106239807221835,5.25522507839973,8.287864885114555,7.569898141671266,9.005831628557843,0.8949694064333011,0.45465769462856126,1.335281118238041,100.00006600050703,-59.478557826011084,259.47868982702516,0.9901039874471994,0.8477397829598783,True,True,5.8778939359942575,0.08770120011200644
ROI_072,BU,5.27579507439152,12.825549876300585,204.0,109.04270420188209,1,False,True,0.06451612903225806,False,False,,6.900221339154742e-13,,,5.026963982008578,4.9852502401831265,5.068677723834029,11.760640506971399,11.556098123315898,11.965182890626899,0.45276564019134474,0.42793699103218613,0.47759428935050335,100.00000000002423,,,0.9984419821999201,0.9173744561488829,True,True,5.4797296221999225,0.03865475154603557
ROI_073,BV,4.480074833681749,14.74215942847104,204.0,92.11813546468551,1,False,True,0.003147128245476003,False,False,,0.05617025855956445,-526.2855833610525,526.3979238781716,4.630347805523662,4.4163528844155255,4.844342726631799,14.374540292624392,13.516916439746415,15.232164145502368,0.010795989481400045,-526.1085617103516,526.1301536893144,3130.9601632484055,-157214027.1123448,157220289.03267127,0.9970958899331349,0.9976738515421525,True,True,4.641143795005062,0.03595229260734163
ROI_074,BW,5.656627820839801,13.453312818296922,204.0,112.18058671850648,1,False,True,0.0015735641227380016,False,False,,0.09803044850340525,-1511.3246946753122,1511.5207555723189,5.952297947423038,5.7523575879299464,6.15223830691613,12.349855074373938,11.726025591684254,12.973684557063622,0.021014223158111373,-1511.1933049072709,1511.235333353587,5131.386738608581,-375443791.14810383,375454053.92158103,0.9969125111338974,0.9964819814270536,True,True,5.97331217058115,0.05598465371446927
ROI_075,BX,6.935911926394383,8.841210509934257,203.0,130.65048487570908,1,False,True,0.0015735641227380016,False,False,,0.0004507469838325542,-28.862107265285026,28.863008759252693,7.451722571581479,7.175043806207575,7.7284013369553834,6.935833619636306,6.411414305236233,7.4602529340363795,0.48139418538521417,-28.147196750223543,29.10998512099397,562.5015901271487,-37979.73292764289,39104.73610789719,0.9833190739513883,0.9393184040859521,True,True,7.933116756966694,0.14377414839676386
ROI_076,BY,2.6829144824381372,13.541749955740443,204.0,63.67855551941798,1,False,True,0.08103855232100708,False,False,,7.525847080429787e-09,,,2.510705987032692,2.466539203909974,2.5548727701554106,12.855459109752836,12.371946235023417,13.338971984482255,0.3092948407079788,0.2806315144350867,0.3379581669808709,100.00000000431146,,,0.9934264932205287,0.89032101066588,True,True,2.820000827740671,0.05109605475682345
ROI_077,BZ,5.234190776276203,12.71880198273692,204.0,91.59018121383947,1,False,True,0.06294256490952006,False,False,,0.06309245550172493,-0.4321757330375038,0.5583606440409536,5.409234152032932,5.185607264846922,5.632861039218941,12.180277517790143,11.611926918463341,12.748628117116946,0.011839186743966305,-0.27573295020438016,0.2994113236923127,111.04813290934447,-9873.68181091861,10095.778076737297,0.9983784453729371,0.9978160806902794,True,True,5.421073338776898,0.035704193921959004
ROI_078,CA,3.8642761772852072,12.144636349778324,204.0,73.88119380347595,1,False,True,0.16994492525570418,False,False,,6.597686850760253e-11,,,3.585090090770709,3.544647970440219,3.6255322111011985,12.79850213354267,12.490116261642898,13.10688800544244,0.2565813580744119,0.2304490491827031,0.2827136669661207,100.00000000014946,,,0.9970888004112329,0.9332110094548701,True,True,3.841671448845121,0.005849666898282346
ROI_079,CB,4.521200458136787,13.437326283719756,204.0,91.74794950404969,1,False,True,0.3154996066089693,False,False,,0.022426313032822155,-25.832579433812764,25.877432059878405,4.556774320494476,4.407583633097354,4.705965007891598,12.72168690031241,12.139580416837198,13.303793383787621,0.11640974546661763,-25.584931734585997,25.817751225519235,811.5160686779923,-200190.18661756304,201813.21875491904,0.9977788775377593,0.9750898437075202,True,True,4.6731840659610935,0.0336157640501833
ROI_080,CC,3.9210946711864363,15.195954984218531,204.0,80.51790093078161,1,False,True,0.015735641227380016,False,False,,0.030260065993737727,-475.86637143908996,475.9268915710774,4.2933942327652685,3.9908702555995426,4.5959182099309945,14.123890508089698,12.824074582198143,15.423706433981252,0.00547088214349768,-475.57727948664956,475.5882212509365,2490.597854199208,-224778549.33424497,224783530.52995336,0.992683991272861,0.9987273659449039,True,True,4.298865114908766,0.09634310706607473
ROI_081,CD,6.075833802643712,13.049140656302,204.0,138.95119416490112,1,False,True,0.043273013375295044,False,False,,1.3565806286954516e-06,-0.16282633013907258,0.16282904330032996,5.390343529108319,5.291357106022166,5.489329952194471,12.518035992263144,12.27431538204518,12.761756602481109,0.6786782840392842,0.6026631221876,0.7546934458909684,100.00000834930589,43.55270997789563,156.44730672071614,0.9997913660302525,0.8881733655052891,True,True,6.069021813147603,0.001121161262367796
ROI_082,CE,6.101575269170699,16.947022870050063,204.0,143.01778047877428,1,False,True,0.02989771833202203,False,False,,0.053210822233041466,-1888.3358755630293,1888.4422972074954,6.60022472608365,5.997654037467642,7.202795414699658,16.645746867126025,14.924876568592175,18.366617165659875,0.007613320807062085,-1887.7571742205384,1887.7724008621524,3770.5710193428945,-959707130.1750667,959714671.3171053,0.9942419086337235,0.9988478348359878,True,True,6.607838046890712,0.08297247110561703
ROI_083,CF,5.946045315756862,14.938427676555648,204.0,142.32261810481066,1,False,True,0.08261211644374508,False,False,,2.1369300156963398e-11,,,5.648943678658096,5.570702176782538,5.727185180533654,16.249953632574112,15.749576441628399,16.750330823519825,0.41560369596309815,0.35189603675770414,0.47931135516849216,100.00000000000014,,,0.9959760449156577,0.9314699564055995,True,True,6.064547374621194,0.01992955865141226
ROI_084,CG,4.292943177455158,13.903715794627203,204.0,86.86348687958971,1,False,True,0.2682926829268293,False,False,,0.07742672923580717,-0.3840435925627166,0.5388970510343309,4.291895243984708,4.043469743259531,4.540320744709885,14.081686478450052,13.292735922053184,14.87063703484692,0.030999027814225408,-0.20176878815826793,0.2637668437867187,111.0615809762653,-3599.333130440681,3821.4562923932117,0.9984806581230913,0.9928291034049914,True,True,4.322894271798933,0.006976820588044675
ROI_085,CH,6.584294857561418,9.580952213988326,203.0,114.72757425497633,1,False,True,0.04012588512981904,False,False,,1.7860265012722472e-12,,,6.513800935482157,6.301846835105632,6.725755035858683,8.42722564176818,7.8637702053357605,8.9906810782006,0.6684378766251518,0.47398622153114645,0.862889531719157,100.00000002443183,54.01109836476905,145.9889016840946,0.9872165330619167,0.9069318224982513,True,True,7.182238812107309,0.09081366607681778
ROI_086,CI,5.781007289706376,11.395360783395091,204.0,119.56787758854665,1,False,True,0.004720692368214005,False,False,,5.737352462315427e-09,,,5.574164048157131,5.424058770397238,5.7242693259170245,8.651751304244,8.175955170965693,9.127547437522306,0.7190684959413651,0.5790938653802269,0.8590431265025034,100.00000071266021,69.5463734033109,130.45362802200953,0.9917710723620154,0.8857394048443872,True,True,6.293232544098497,0.08860484492108937
ROI_087,CJ,4.058095900969413,9.286219650130903,204.0,50.757952260346485,1,False,True,0.040912667191188044,False,False,,0.033856407171040416,-0.1455632227956961,0.21327603713777693,4.187626491525199,4.115607774127331,4.259645208923067,8.625075086257244,8.396688649041543,8.853461523472944,2.1421070273064623e-05,-0.11601992409428853,0.11606276623483465,101.3697408315698,-1789290.2929632063,1789493.0324448696,0.9988919484260307,0.9999948847012164,True,True,4.187647912595472,0.03192433466028038
ROI_088,CK,2.4246145209303567,16.446281968289668,204.0,73.52554243343674,1,False,True,0.0904799370574351,False,False,,8.992160111167757e-09,,,1.936989060288495,1.9246757030052397,1.9493024175717502,16.758268739887335,16.52092185632239,16.99561562345228,0.44259200602345866,0.4322780592394281,0.45290595280748924,100.00000000000097,,,0.999314146428223,0.8140042328083322,True,True,2.3795810663119537,0.018573449193533285
ROI_089,CL,4.703747554127202,16.579568384158335,204.0,113.18010347434316,1,False,True,0.0055074744295830055,False,False,,0.005117070083759285,-1.1113365436953848,1.1215706838629034,4.735546898309791,3.3868687144005163,6.084225082219066,20.14060994017458,16.463207240111856,23.818012640237306,2.0964237422632577e-05,-0.4329866279444581,0.4330285564193034,100.01454379110551,-15260493.488528797,15260693.517616378,0.9960621876124376,0.999995573025658,True,True,4.735567862547214,0.006764884393528282
ROI_090,CM,4.4570169437440015,10.00924478402564,204.0,107.05559693814732,1,False,True,0.05271439811172305,False,False,,0.0009419521669515399,-0.5184192327469709,0.5203031370808741,4.128322448083667,4.027812711913644,4.228832184253689,6.875878991526319,6.560088649212711,7.191669333839927,0.628467353489718,0.19464178569961166,1.0622929212798244,132.76839615385032,-56.15288885688153,321.68968116458217,0.9955042314894201,0.8678799401054379,True,True,4.756789801573385,0.06725863096620113
ROI_091,CN,3.510750857814299,15.34203470857338,204.0,92.5680226420013,1,False,True,0.3878835562549174,False,False,,0.002513540313497183,-0.2471159583014553,0.2521430389284497,3.047837844605479,2.8428148023700737,3.252860886840884,15.70040803609698,14.822415700980677,16.578400371213284,0.40771967306984014,0.324057162155556,0.49138218398412425,100.0114359953888,-56.339771809426324,256.3626438002039,0.9991763154615129,0.8820104509954364,True,True,3.455557517675319,0.015721235249755678
ROI_092,CO,3.40635120550852,15.992198971444935,204.0,84.61844030500285,1,False,True,0.003933910306845004,False,False,,0.09460537358160644,-0.1852372609405588,0.37444800810377166,3.3491221928106376,3.156950318318361,3.541294067302914,16.941977338258678,16.167149816413524,17.71680486010383,0.03233674064693122,-0.07558230385991709,0.1402557851537795,111.37464762400708,-2191.814747852354,2414.564043100368,0.9994632866414529,0.9904370446948274,True,True,3.381458933457569,0.007307605865976744
ROI_093,CP,4.300172688154845,19.278796490211107,204.0,143.3425440611525,1,False,True,0.05114083398898505,False,False,,0.004314293559087139,-171.59029087879793,171.59891946591608,4.132054417483771,3.4881725289539682,4.775936306013574,17.912753062792802,15.061178513862695,20.764327611722912,0.4142928766982315,-170.5208696992315,171.34945545262795,1163.8980382978025,-524103.6231938619,526431.4192704575,0.9895568540433303,0.9088734648080217,True,True,4.546347294182003,0.05724760931235737
ROI_094,CQ,3.4863542877745393,15.12195737344706,204.0,97.54564183730713,1,False,True,0.0983477576711251,False,False,,1.326514554914716e-09,,,3.102447850563161,2.9374484545887682,3.2674472465375537,11.564461971769443,10.46838802054397,12.660535922994917,0.6963918738406152,0.5220550776381752,0.8707286700430552,100.00000035279321,65.56649318161516,134.43350752397126,0.9855763435368581,0.8166830073490629,True,True,3.798839724403776,0.08963100443492425
ROI_095,CR,6.131215672816587,11.562767205375167,203.0,203.1271532081771,1,False,True,0.25727773406766324,False,False,,2.7851566718268736e-09,,,5.768348535921742,5.590892582886878,5.945804488956607,8.228010147501594,7.686132426017081,8.769887868986107,1.1717190277160292,1.049618331870927,1.2938197235611315,342.6229866991728,172.31951004401057,512.926463354335,0.981762349366956,0.8311660488933554,True,True,6.940067563637771,0.1319235750272685
ROI_096,CS,4.168490841122454,14.957238666254483,204.0,105.91545472690073,1,False,True,0.12509834775767112,False,False,,0.02356173261259689,-0.13528063352928102,0.1824040987544748,3.812618148352181,3.6865027673785975,3.938733529325764,15.398563690222023,14.965872296359807,15.831255084084239,0.37946198386495306,0.32437916662201566,0.43454480110789045,100.24415956121744,-5.8437570067147675,206.33207612914964,0.9997666185854737,0.9094812188944822,True,True,4.192080132217134,0.005658952362800037
ROI_097,CT,3.2640784017743423,12.307099995332266,204.0,59.8817930522781,1,False,True,0.08969315499606609,False,False,,0.062019610515587624,-0.24246184682769445,0.3665010678588697,3.290991779187009,3.170133350215747,3.4118502081582713,12.550804585625908,12.036830822387808,13.064778348864008,0.005202912930238581,-0.18482389805125823,0.1952297239117354,118.59376009919046,-14220.910277345707,14458.09779754409,0.9988046366866004,0.998421539558121,True,True,3.296194692117248,0.009839313395611827
ROI_098,CU,5.429500230399995,10.6067942945227,204.0,118.55439605706646,1,False,True,0.0055074744295830055,False,False,,9.90085822162774e-08,-0.5403588355250442,0.5403590335422086,5.062727403437456,4.855318162238415,5.270136644636496,7.728898960918114,7.199093471330737,8.258704450505492,0.794780027159668,0.43121587401673556,1.1583441803026004,100.00000372197879,-41.338853985235616,241.33886142919317,0.9928070007402567,0.8643142946762516,True,True,5.857507430597123,0.07882994420014909
ROI_099,CV,7.052301923917471,11.684458698384901,204.0,152.17288793837946,1,False,True,0.05428796223446106,False,False,,4.141771817075193e-11,,,6.934487688870614,6.783456324988307,7.085519052752921,9.295102346230902,8.879664562808479,9.710540129653324,0.7215361341652002,0.5792976825431494,0.8637745857872511,114.91933951418173,76.17678668245037,153.6618923459131,0.994358443590016,0.9057557616273074,True,True,7.656023823035814,0.08560636025392715
ROI_100,CW,2.7784498593296623,11.966025101493244,204.0,65.77029196638301,1,False,True,0.42722265932336745,False,False,,6.50239447808812e-10,,,2.3296150884627482,2.3110254542040845,2.348204722721412,11.320123855255323,11.132437864317746,11.5078098461929,0.3817115657806728,0.3710437136983308,0.3923794178630148,100.00000000004535,,,0.9986820188894195,0.8592159431681657,True,True,2.711326654243421,0.024158508695361423
ROI_101,CX,3.340286835325598,11.394619367413952,204.0,61.449146476003335,1,False,True,0.14162077104642015,False,False,,2.6142648052088886e-07,-0.48431313659660397,0.484313659449565,3.337493846349374,3.255895535876694,3.419092156822054,9.87464844627183,9.512339100972968,10.236957791570694,0.18094660022090286,-0.22427101731892013,0.5861642177607258,154.2899174208565,-539.6237081185448,848.2035429602577,0.9981927907774406,0.9485719303854392,True,True,3.5184404465702768,0.053334824231438545
ROI_102,CY,4.697237264776988,14.912418258144697,204.0,121.35704126513951,1,False,True,0.3131392604248623,False,False,,7.626239378150539e-12,,,4.151965730612945,4.068594802515182,4.2353366587107075,13.798197980863932,13.19705585633441,14.399340105393454,0.6997749634387337,0.6417802665616895,0.7577696603157779,100.00000000000124,,,0.9921023583618758,0.8557682680163285,True,True,4.851740694051679,0.032892404740390714
ROI_103,CZ,4.53220179813028,15.194411315450736,203.0,116.71368780788546,1,False,True,0.2958300550747443,False,False,,2.548123259175838e-12,,,4.247711588600919,4.139108607474061,4.356314569727777,18.302557296046093,17.260347239856273,19.344767352235912,0.43162332248455076,0.33341092954433255,0.5298357154247689,100.00000000028828,,,0.988234018182029,0.9077596857916659,True,True,4.67933491108547,0.032463936847624206
ROI_104,DA,5.819935589826993,19.699192775858194,204.0,155.5667055965235,1,False,True,0.0,False,False,,0.00015266708322268698,-0.19867939577014815,0.1989847299365935,6.030473712308448,5.695474202653126,6.365473221963771,21.86268412058283,20.346162838396335,23.379205402769326,3.2830640295880575e-08,-0.5502262994390612,0.5502263651003418,100.00028597763938,-293664617.5548986,293664817.5554706,0.9957073161916774,0.9999999945558771,True,True,6.030473745139089,0.03617534112922284
ROI_105,DB,4.117074954623722,16.65429877511565,204.0,97.22077557564293,1,False,True,0.011014948859166011,False,False,,0.055446315417252284,-0.7952936368938256,0.9061862677283302,4.161700318745774,3.6177542269377883,4.7056464105537605,17.58543183416946,15.794906350170649,19.37595731816827,0.0017524242363377374,-0.35066835121816514,0.35417319969084066,116.74684407119018,-131843.1103468995,132076.6040350419,0.9975759571276119,0.9995790935205663,True,True,4.163452742982112,0.011264742291442802
ROI_106,DC,4.897927798747065,12.946488458836512,204.0,107.51220883972917,1,False,True,0.07867820613690008,False,False,,6.064886241568428e-10,,,4.544382599671039,4.487943468427791,4.600821730914286,12.06733529428901,11.808401605643006,12.326268982935016,0.4977745918010053,0.43758548544110987,0.5579636981609007,100.00000002990394,83.71453512836108,116.28546493144681,0.9991806943275404,0.9012774546888568,True,True,5.042157191472044,0.02944702303734941
ROI_107,DD,5.241330174659532,15.287116200033836,204.0,120.36911962443406,1,False,True,0.06136900078678206,False,False,,0.0808778698290369,-1749.2906098023734,1749.4523655420314,5.102061753767738,4.810388910608403,5.393734596927073,16.695801319946572,15.62980152094394,17.761801118949204,0.02336705716691774,-1749.0476971608296,1749.0944312751635,5210.817597853837,-397450031.47137904,397460453.1065748,0.9976780296405183,0.9954409556685158,True,True,5.125428810934656,0.022112967483946915
ROI_108,DE,6.525717632386782,11.238773741810377,203.0,154.50649983269759,1,False,True,0.023603461841070025,False,False,,7.501715884616379e-07,-22.36555968969325,22.365561190036424,6.776405525625061,6.468343605851938,7.084467445398184,9.216934106873508,8.472442242219014,9.961425971528001,0.5880159142315008,-21.476841989673083,22.652873818136086,483.78794950524684,-21237.683206323476,22205.25910533397,0.9876664477107119,0.920154499707318,True,True,7.364421439856562,0.1285228467911848
ROI_109,DF,3.094128314094325,15.004289735310635,204.0,57.216017107464054,1,False,True,0.32572777340676634,False,False,,2.0917110500799445e-08,-0.03201569488205456,0.03201573671627556,3.2511624235590966,3.185218223830433,3.31710662328776,15.080408154200217,14.485815537308659,15.675000771091776,4.563993126087698e-09,,,100.00000024705206,-1324899040.6395555,1324899240.639556,0.9892020119654064,0.9999999985961965,True,True,3.2511624281230898,0.050752295343876076
ROI_110,DG,,,,-132.18217737021988,0,False,False,0.998426435877262,True,True,majority_negative_normalized_trace,,,,,,,,,,,,,,,,,,False,False,,
ROI_111,DH,3.07820936343402,12.113885869695537,204.0,58.258855554000924,1,False,True,0.33280881195908735,False,False,,0.003610884650229668,-0.9442285843531035,0.9514503536535628,3.0601633636470664,2.984433139669007,3.1358935876251257,12.141734803254266,11.744382753523405,12.539086852985127,0.11606169094563534,-0.7553523434811338,0.9874757253724045,232.16957353525234,-2516.8823699624513,2981.221517032956,0.9989554094868016,0.963459235743445,True,True,3.1762250545927015,0.03184178838613377
ROI_112,DI,5.694868465470197,12.578202063914318,204.0,133.34286209585315,1,False,True,0.0,False,False,,3.92519276927087e-07,-0.6871401394775793,0.6871409245161333,5.18559642105604,4.866504064465439,5.504688777646641,9.80369072188775,8.981087556116831,10.626293887658667,0.8468151513468587,0.44289328077078655,1.2507370219229308,100.00002935319571,-78.0207700287375,278.02082873512893,0.9932243177987442,0.8596224509579432,True,True,6.032411572402899,0.05927144919664667
ROI_113,DJ,2.993903259313363,12.193564442526196,204.0,69.22816539956149,1,False,True,0.09284028324154209,False,False,,3.763710559447249e-12,,,2.588624702083614,2.5746192717273786,2.6026301324398498,11.942989204063178,11.807083166529035,12.078895241597321,0.40264875348612994,0.39418793015471904,0.41110957681754084,100.00000000013075,,,0.9993914444261759,0.8653921951748013,True,True,2.991273455569744,0.0008783863457973315
ROI_114,DK,6.185411799999988,8.25036496419446,204.0,85.22947939999958,1,False,True,0.0015735641227380016,False,False,,0.00012391855454930856,-0.24631720382009695,0.24656504092919554,6.0942429690888815,6.040248718524457,6.148237219653306,7.061653447012394,6.9460355284552175,7.17727136556957,0.27436191101380125,0.0743070253599149,0.4744167966676876,125.90243240827446,-75.11633765104013,326.92120246758907,0.9993899526429237,0.9569196211448154,True,True,6.368604880102683,0.029616957775179135
ROI_115,DL,5.971926422918519,14.766512366589097,204.0,126.903995261593,1,False,True,0.003147128245476003,False,False,,0.1064080475386548,-2235.4277743113025,2235.6405904063795,6.096412463745872,5.769771405015729,6.423053522476015,14.392841231130129,13.400644099607254,15.385038362653004,0.017356952725144186,-2235.178261458348,2235.2129753637983,5212.667832821056,-683387653.2057816,683398078.5414473,0.9960686698494362,0.9971610063215038,True,True,6.113769416471016,0.02375163113332164
ROI_116,DM,2.221358108150062,15.56123099136886,204.0,60.429869787133626,1,False,True,0.04956726986624705,False,False,,8.325881315025363e-05,-0.09804701217724555,0.09821352980354607,1.9009207793686755,1.816338029522241,1.98550352921511,16.229840646884067,15.650364785908584,16.80931650785955,0.2938850424444199,0.262478528521279,0.32529155636756074,100.00104746532445,13.557196300754882,186.444898629894,0.9997101953277268,0.8660997526416045,True,True,2.1948058218130955,0.011953176860384456
ROI_117,DN,6.993518588369783,10.956120549499332,203.0,187.53016437286178,1,False,True,0.007081038552321007,False,False,,0.650999956704167,-31.77365983006049,33.075659743468826,7.462661017105988,7.232101317065059,7.693220717146918,8.93044459406462,8.359362101199071,9.501527086930167,8.286001794449716e-06,-32.384051718468946,32.384068290472534,1221.7912039105934,-5064222209.454766,5064224653.037173,0.9802857181449326,0.999998889673191,True,True,7.462669303107782,0.06708364449308775
ROI_118,DO,6.507942306028146,13.287225846470903,204.0,124.16749335824426,1,False,True,0.07867820613690008,False,False,,0.07432498623306139,-1092.688593010278,1092.837242982744,6.874374657591714,6.602520511068837,7.146228804114591,13.202643346089085,12.469174926349421,13.936111765828748,0.012534867670801954,-1092.4671834144335,1092.4922531497753,3851.0935311061294,-343648508.4706061,343656210.65766835,0.9968351492468507,0.9981798994708988,True,True,6.886909525262516,0.058231496441408605
ROI_119,DP,6.268835430276526,14.308193651617302,204.0,140.14372248780592,1,False,True,0.0,False,False,,0.1408104092666674,-4735.204793943341,4735.4864147618755,6.518200586674645,6.221079761947364,6.815321411401926,13.787556800613674,12.935487552138168,14.639626049089179,0.043301408047698296,-4734.9927217389495,4735.079324555046,7771.469082435266,-859879621.1124252,859895164.0505902,0.9963923953380006,0.9934006865985063,True,True,6.561501994722343,0.04668595430537692
ROI_120,DQ,4.67413185459839,13.101936019466763,204.0,89.52858077309111,1,False,True,0.06451612903225806,False,False,,0.05636273291867917,-236.34390923982662,236.45663470566396,4.798964581881507,4.670804484110318,4.927124679652697,13.519917155063364,13.031286255155802,14.008548054970927,0.017789713542604012,-236.25003499925592,236.28561442634114,2651.015246915823,-36448020.13774685,36453322.168240674,0.9987232211610715,0.9963067010581161,True,True,4.816754295424111,0.030513140249864738
ROI_121,DR,3.0805248945860053,11.982137731522386,204.0,71.5034345276006,1,False,True,0.023603461841070025,False,False,,1.6509825767806337e-11,,,2.5689239080927364,2.541989992720348,2.5958578234651246,12.60952316599532,12.328052964298964,12.890993367691676,0.3882369508479697,0.37108436648406035,0.4053895352118791,100.00000000011876,,,0.9977226064026543,0.8687129414437599,True,True,2.957160858940706,0.04004643360036154
ROI_122,DS,2.78766378279484,11.114232728150569,204.0,66.558991411035,1,False,True,0.0,False,False,,0.05869305207126803,-0.11244081609097172,0.22982692023350776,2.4227380801223823,2.329608377159726,2.5158677830850387,11.402352422035722,10.88933876616795,11.915366077903494,0.23678819767431306,0.1482083824192209,0.3253680129294052,100.01806777793456,-65.21916484374256,265.25530039961166,0.9985093714587102,0.9109660244190247,True,True,2.6595262777966955,0.045965910878132156
ROI_123,DT,2.1259491779829585,9.433390691503092,204.0,43.93241972737843,1,False,True,0.24626278520849726,False,False,,0.0858757605282534,0.0426630577549931,0.1290884633015137,1.9682788348317504,1.9511665712338384,1.9853910984296623,8.25287944695196,8.138587245847349,8.367171648056571,0.07572624803725828,0.047382001785480146,0.1040704942890364,100.55745485291561,-19.902348081130455,221.0172577869617,0.9996879395988612,0.9629520255737488,True,True,2.044005082869009,0.0385447102699303
ROI_124,DU,4.062395661797747,10.925669457211939,204.0,70.61947183089853,1,False,True,0.013375295043273014,False,False,,0.0006885523629960397,-1.1169824842555836,1.1183595889815756,4.0893712666077615,4.015769737211213,4.16297279600431,10.105793258811593,9.820588266588901,10.390998251034285,0.1497313334734559,-0.8949345638609726,1.1943972308078843,237.03242180369713,-2258.171239472658,2732.236083080052,0.9988273865942786,0.9646785304345813,True,True,4.2391026000812175,0.04349820967593097
ROI_125,DV,5.5408747027960015,18.198798416096622,204.0,140.97438922591328,1,False,True,0.006294256490952006,False,False,,0.027068994825795792,-1.3102811453228995,1.3644191349744912,5.785044719355881,4.569155974142896,7.000933464568865,20.014387984297013,17.196570672185576,22.83220529640845,0.000407820293591541,-0.3612994614714704,0.3621151020586535,110.23407173836883,-935969.7467477232,936190.2148911998,0.9973919168805655,0.9999295093528473,True,True,5.785452539649472,0.04414065467498358
ROI_126,DW,4.914376130966762,14.521913487845922,204.0,100.87356854930317,1,False,True,0.023603461841070025,False,False,,0.055429529680506295,-3.159208974621474,3.270068033982487,4.978163228558644,4.828576561377732,5.127749895739557,15.293158146521707,14.787970048578105,15.798346244465309,0.019910824432470015,-3.042417167707408,3.082238816572348,328.0963609823701,-70175.98550387986,70832.17822584459,0.9993632436734651,0.9960163006347306,True,True,4.9980740529911145,0.017031240546882525
ROI_127,DX,1.7481236778408282,19.275127167871574,204.0,49.41340261173306,1,False,True,0.2147915027537372,False,False,,0.045418420521105646,-0.22432342357611137,0.3151602646183227,1.6659488852602997,1.3033611421186673,2.028536628401932,21.817809865851157,18.99796882538974,24.637650906312572,0.020336868751413214,-0.10810855992412763,0.14878229742695406,101.15942613179602,-3870.4064251375257,4072.7252774011176,0.9986644284614059,0.9879398442980193,True,True,1.6862857540117129,0.0353738837892143
ROI_128,DY,4.82294121811125,11.438286482989838,203.0,79.13066873997387,1,False,True,0.14398111723052714,False,False,,0.09189422008469438,-6.437249363746584,6.621037803915973,5.19755604761863,4.983616699405243,5.411495395832018,10.508301530334668,9.829554667477286,11.18704839319205,0.003146767939379713,-6.311207120404052,6.317500656282811,331.64476563925774,-883125.5482160416,883788.8377473201,0.9938613424343674,0.9993949340981442,True,True,5.20070281555801,0.07832598001157026
ROI_129,DZ,5.89202031490773,9.875200346122512,204.0,123.21626945728127,1,False,True,0.0023603461841070024,False,False,,3.9702389013099367e-11,,,5.131530420145727,5.031871000667326,5.231189839624127,7.781730798459459,7.49108998655286,8.072371610366059,0.9010430066600793,0.859912170255308,0.9421738430648506,100.00000000027208,,,0.9925491772368402,0.8506370427823913,True,True,6.032573426805806,0.02385482472666549
ROI_130,EA,5.310770509451159,9.238141143444238,204.0,117.15879621673548,1,False,True,0.0007867820613690008,False,False,,2.546562351734276e-14,,,4.44258688987412,4.355654101791519,4.529519677956721,6.951001025855352,6.694056095119861,7.2079459565908435,0.9246275079172168,0.8917473668896746,0.957507648944759,100.00000000003023,,,0.9927860382748722,0.8277267425169916,True,True,5.3672143977913365,0.010628191943095354
ROI_131,EB,4.503660916144096,15.812175489567352,203.0,140.77400884818238,1,False,True,0.05507474429583006,False,False,,3.1766701122027454e-12,,,3.902962369371706,3.782705122265793,4.023219616477619,13.408384524544418,12.517162961727841,14.299606087360996,1.0573320942295918,0.9759981119385908,1.138666076520593,100.00000001052005,,,0.9836526175986334,0.7868408615681372,True,True,4.960294463601298,0.10139163581794669
ROI_132,EC,4.424755361085962,9.855345064389837,203.0,82.36157957813286,1,False,True,0.03461841070023604,False,False,,1.373348544349891e-12,,,4.062199230305632,3.9575780822823354,4.166820378328929,10.142512505426161,9.639282505455816,10.645742505396507,0.443525632536891,0.33765508598396626,0.5493961790898158,100.0000001158336,65.09203254527915,134.90796768638805,0.9943830256231331,0.9015639778197455,True,True,4.505724862842523,0.01829920417039466
ROI_133,ED,4.225968010097085,15.940013666696785,203.0,117.18111295611638,1,False,True,0.0983477576711251,False,False,,0.0007152623387408556,-1.860763816133633,1.8621943408111146,4.127134122406925,3.6921297524013337,4.562138492412517,15.490593311446906,13.904642740565276,17.076543882328536,0.44353289789584466,-0.9876766111705411,1.8747424069622303,163.02923612939793,-1052.9877777334113,1379.0462499922073,0.9957712192325576,0.9029610129275039,True,True,4.57066702030277,0.08156687636586406
ROI_134,EE,5.019803931500495,12.159329524345566,204.0,97.81293798407468,1,False,True,0.08339889850511409,False,False,,0.16330771647273948,-23.012826405143908,23.33944183808939,5.284014621996002,5.102651637009656,5.465377606982348,10.25645407732875,9.66970135149186,10.84320680316564,0.011019143142751287,-22.983065494703883,23.005103780989383,652.112475238767,-1556691.816625323,1557996.0415758004,0.9945741788866954,0.9979189664067303,True,True,5.295033765138753,0.05482880156157574
ROI_135,EF,4.692193269302856,15.97163657082092,204.0,162.5053830691705,1,False,True,0.13690007867820614,False,False,,0.33549175877497844,-28540.237791100815,28540.908774618365,4.791190811031633,4.373152936976629,5.209228685086638,13.233044345917728,11.620168259667091,14.845920432168365,0.19315749700110463,-28539.947813424416,28540.334128418417,15854.738802220458,-2355968317.726126,2356000027.203731,0.9846684730786527,0.9612471911945212,True,True,4.984348308032738,0.062264067561157536
ROI_136,EG,5.514098009622688,16.32986536355625,204.0,135.16391446410603,1,False,True,0.057435090479937057,False,False,,0.09476679555322673,-1595.0806172206985,1595.2701508118048,5.833699643447246,5.391146562504501,6.276252724389991,17.05135285763009,15.639109282275909,18.463596432984268,0.01197230694374225,-1594.709401814529,1594.7333464284166,4090.951235077628,-558276926.4891622,558285108.3916323,0.9962743000725292,0.9979519365702788,True,True,5.845671950390988,0.06013203613531505
ROI_137,EH,4.879910346184822,11.308685007083199,204.0,129.21322126108777,1,False,True,0.03855232100708104,False,False,,0.000500846230890694,-2.926457164034318,2.9274588564961,4.6851448000381986,4.567227982531518,4.803061617544879,8.574964665677662,8.185950232076463,8.96397909927886,0.5457388256886143,-2.2689408931833754,3.3604185445606043,285.75466604783577,-1728.9228767795175,2300.432208875189,0.9959783889561946,0.8956698591028612,True,True,5.230883625726813,0.07192207533410662
ROI_138,EI,4.767823245115327,19.50408298227373,204.0,141.82061882887163,1,False,True,0.1093627065302911,False,False,,0.10705909758954939,-1.3286732733426925,1.5427914685217912,4.961046580230378,3.5702927129225097,6.351800447538246,21.058418910368093,17.290858573127156,24.82597924760903,0.032831651915522606,-0.3399771064883055,0.4056404103193507,111.00747707425708,-12683.149948752878,12905.164902901393,0.9966399934331418,0.9934256202515747,True,True,4.9938782321459,0.047412619010607907
ROI_139,EJ,2.9768322108663847,16.53568511035789,204.0,85.75414757768903,1,False,True,0.03855232100708104,False,False,,0.00010324435221071784,-5.598352533793266,5.598559022497687,2.948106241097768,2.7357317522760534,3.160480729919483,15.082659120794352,13.860816341509022,16.304501900079682,0.23760746499376303,-5.144154913850387,5.619369843837913,357.9299457083604,-10589.3582204135,11305.21811183022,0.9961067603502541,0.9254146835167817,True,True,3.1857137060915313,0.07016905234452336
ROI_140,EK,2.7026165206539963,14.963907947664381,204.0,76.42706468599715,1,False,True,0.22738001573564123,False,False,,0.14080822540046573,-0.22298949343694402,0.5046059442378754,2.617592324499695,2.4096531440137356,2.825531504985654,13.456708453793178,12.38670917576263,14.526707731823725,0.09030981614438902,-0.08562858171144794,0.26624821400022597,106.08579252708347,-874.4223994159142,1086.593984470081,0.9967083281099717,0.9666495274002375,True,True,2.7079021406440837,0.001955741759770057
ROI_141,EL,4.106263969062668,19.973304233564903,204.0,124.4121023662333,1,False,True,0.05586152635719906,False,False,,0.11004042371223172,-1.4771050156325733,1.6971858630570367,4.334902105804982,2.870403059944757,5.799401151665207,20.620290304544056,16.072253719982736,25.168326889105376,0.009854048747908815,-0.40783401795616425,0.42754211545198184,111.56918143169543,-46539.3967090599,46762.535071923296,0.9943461544963149,0.9977319673653992,True,True,4.344756154552891,0.05808009112104487
ROI_142,EM,3.584271815018002,14.403940088016356,204.0,85.35220848762408,1,False,True,0.1125098347757671,False,False,,2.454082648455639e-06,-0.8148175123034482,0.8148224204687451,3.623431342926765,3.1601170938342813,4.086745592019248,11.862304645109912,10.15893501660222,13.565674273617605,0.41700882499746883,0.01165271508577942,0.8223649349091582,100.08852416504503,-352.0227866601371,552.1998349902271,0.9868027324380713,0.8967912386605873,True,True,4.040440167924234,0.12726946404982417
ROI_143,EN,4.419092031195946,16.294049695456465,204.0,105.37314772135379,1,False,True,0.23996852871754523,False,False,,0.0022388370943963068,-1.0175025242921374,1.0219801984809298,4.335665213882868,3.032700914078524,5.638629513687213,20.793449653638802,16.917511778291303,24.669387528986302,0.000183582871462101,-0.4392695611293215,0.43963672687224564,100.00967436356149,-1620585.9005618233,1620785.9199105504,0.9965314405527566,0.999957659300389,True,True,4.33584879675433,0.018837180546133047
ROI_144,EO,3.7879186263708196,12.992437841010258,204.0,107.49740356548831,1,False,True,0.05428796223446106,False,False,,0.0004325902899671999,-1.874399622885033,1.8752648034649673,3.656158663701906,3.403594397683211,3.908722929720601,10.098136540962898,9.052442605079467,11.143830476846329,0.585409606463637,-1.0420233050206251,2.2128425179478994,171.60314661533894,-708.7981884402545,1052.0044816709324,0.9871773088982595,0.861982745726078,True,True,4.241568270165543,0.11976224637892037
ROI_145,EP,5.060935812391629,11.731617802985141,204.0,135.9409438420608,1,False,True,0.0023603461841070024,False,False,,1.5141114176270024e-09,,,4.643391612005835,4.4960882907591255,4.790694933252544,8.00062378046633,7.464075070432068,8.537172490500593,0.9730267644567356,0.850401200083894,1.0956523288295772,124.18999366491437,93.9553726174419,154.42461471238684,0.9864293125343548,0.8267531549048195,True,True,5.616418376462571,0.10975886370873356
ROI_146,EQ,5.313651362493278,11.12556898604143,204.0,110.03966406816792,1,False,True,0.07238394964594808,False,False,,7.323463030818027e-10,,,4.889110006758748,4.806810551517545,4.971409461999951,9.430057669139277,9.113329398971773,9.74678593930678,0.6848077624534371,0.6448815495196109,0.7247339753872634,100.00000000148177,,,0.994051155575018,0.8771406772026656,True,True,5.573917769212185,0.0489807081729172
ROI_147,ER,4.38627759119726,16.241435191662617,203.0,121.6779414814778,1,False,True,0.2926829268292683,False,False,,8.401922789008417e-09,,,3.967482062263041,3.8440340202205134,4.090930104305568,19.786265800518823,18.429228729900156,21.14330287113749,0.5151231858403555,0.3965357059009224,0.6337106657797887,100.00000000002537,,,0.9848709075074911,0.8850839729734609,True,True,4.482605248103397,0.021961140147503503
ROI_148,ES,3.52564103097539,18.851455786933343,203.0,112.95359964325561,1,False,True,0.041699449252557044,False,False,,0.12208494332606355,-8778.23004156451,8778.474211451163,3.880496754895025,3.0071200224450942,4.753873487344956,18.353267395456783,14.113957111535054,22.59257767937851,0.09589649553468305,-8777.35959378891,8777.55138677998,7053.048852082972,-654928510.796417,654942616.8941212,0.9783356654572425,0.9758835483577184,True,True,3.976393250429708,0.12784972023360375
ROI_149,ET,4.42882184569173,13.255948450423688,203.0,121.67532030117904,1,False,True,0.0007867820613690008,False,False,,1.0594637048723853e-11,,,3.918163394545451,3.818936442375088,4.017390346715813,11.381974847143313,10.78232272836073,11.981626965925896,0.9315922051416047,0.8743535200950892,0.9888308901881202,100.00000000001907,,,0.9882516079577448,0.8079094531687909,True,True,4.849755599687056,0.09504418300429075
ROI_150,EU,3.040839648336166,10.249360427022083,204.0,77.67738247810993,1,False,True,0.014162077104642014,False,False,,9.174275969345633e-07,-0.18899369302911326,0.18899552788430715,2.607903656150441,2.539261877782518,2.676545434518364,6.974666073880512,6.645787366965763,7.303544780795262,0.6257060867326885,0.4930957660265648,0.7583164074388121,100.0025535716849,38.43580042375484,161.56930671961496,0.9963533182175935,0.8064991954858471,True,True,3.2336097428831296,0.06339370596290406
ROI_151,EV,4.281699106956707,13.745957947795489,204.0,113.7036646460496,1,False,True,0.0055074744295830055,False,False,,3.1252026686054017e-06,-1.4832835116185894,1.4832897620239267,4.185765528181163,3.8807682293996097,4.490762826962715,10.886979313776262,9.810309286308772,11.963649341243752,0.5732885178686846,-0.6123908485668497,1.758967884304219,146.72658422861278,-519.0965447797472,812.5497132369727,0.9905047748609178,0.8795372962102562,True,True,4.759054046049847,0.11148726876149609
ROI_152,EW,2.541277909228811,13.361543542770619,204.0,70.37101198937222,1,False,True,0.05271439811172305,False,False,,0.0014489553209899608,-0.8977834747656344,0.9006813854076143,2.4248111527758978,2.292578239978528,2.5570440655732676,11.470711906787997,10.636758850165679,12.304664963410316,0.3130837006168679,-0.45490785959451935,1.0810752608282552,173.2069507815142,-635.687811594597,982.1017131576255,0.9950485536424223,0.885648018867891,True,True,2.7378948533927656,0.07736932015578771
ROI_153,EX,3.4250483120331894,9.436567405865162,204.0,66.18990677219888,1,False,True,0.13217938630999213,False,False,,1.364718874271643e-09,,,3.1330642045719563,3.103194238976039,3.1629341701678735,7.637932628590844,7.498334620973451,7.777530636208238,0.38054129196862907,0.3683948253554212,0.39268775858183697,100.00000000039006,,,0.9980184838284168,0.8916949292277402,True,True,3.5136054965405856,0.02585574755143428
ROI_154,EY,2.9153983788615245,30.530755346490707,202.0,123.90725261131726,1,False,True,0.13060582218725414,False,False,,1.732340752866058e-07,-0.46702183702790534,0.46702218349605595,3.3918471815713462,1.9948544833781179,4.788839879764574,34.66210863086785,23.90021651073317,45.424000751002524,5.7988587523132116e-08,-1.8933864038245245,1.8933865198016995,100.00000147562234,-286114322.15867865,286114522.15868163,0.9807595691100599,0.999999982903538,True,True,3.391847239559934,0.16342495905635535
ROI_155,EZ,3.2914801730420398,19.598070713327218,202.0,112.94488104736271,1,False,True,0.0975609756097561,False,False,,0.0004448903681443338,-2.6918397072581994,2.6927294879944883,3.277157818776418,1.8236852226602402,4.730630414892596,19.88189469422623,13.55270865332339,26.21108073512907,0.46646370605952087,-0.8432477081095253,1.7761751202285672,133.22763224398275,-1550.1107846181571,1816.5660491061226,0.9863217269771316,0.8753977390703342,True,True,3.743621524835939,0.13736718072830517
ROI_156,FA,3.577931914831083,10.88337693995976,204.0,92.77114419804192,1,False,True,0.08969315499606609,False,False,,2.8613308617187723e-12,,,3.3300841024695798,3.2354945437477785,3.424673661191381,7.40752403156533,6.961727300111685,7.853320763018976,0.6403590569639642,0.5674662764857538,0.7132518374421747,131.33004608023333,100.26939680175865,162.390695358708,0.9877002125402436,0.838718492810429,True,True,3.970443159433544,0.10970338562772568
ROI_157,FB,5.0679422354719526,9.52819368976074,203.0,103.75054223118204,1,False,True,0.06294256490952006,False,False,,1.1173641791735489e-06,-0.691743936394968,0.6917461711233264,4.985659354046719,4.7244051483556335,5.246913559737805,7.523265062372877,6.850800208040957,8.195729916704797,0.7015887424516725,0.23065396968059487,1.17252351522275,100.00006202236271,-103.87252218040918,303.8726462251346,0.9869450116817025,0.8766382738105557,True,True,5.687248096498392,0.12220065506898312
ROI_158,FC,4.7342008977099175,12.923656729063538,204.0,118.65109482878924,1,False,True,0.07238394964594808,False,False,,2.0620156586411537e-06,-0.4710608090350148,0.4710649330663321,4.381623937428696,4.124339781501349,4.638908093356043,11.434379283171104,10.65087207806495,12.217886488277259,0.6221910629669016,0.3791234540059539,0.8652586719278494,100.00000776008662,-73.23237172465966,273.2323872448329,0.9967686199631423,0.8756566613838218,True,True,5.003815000395598,0.05695028760103971
ROI_159,FD,,,,-118.79164961204745,0,False,False,1.0,True,True,majority_negative_normalized_trace,,,,,,,,,,,,,,,,,,False,False,,
ROI_160,FE,3.6373463712713874,13.01541153009552,203.0,89.34588112036819,1,False,True,0.16286388670338317,False,False,,1.3421945741715958e-07,-0.7152518908222997,0.7152521592612145,3.446824110369531,3.059006630131862,3.8346415906072004,11.361160740711025,9.859398744204347,12.862922737217703,0.5524681181080063,0.18104217713932713,0.9238940590766855,100.00000327606655,-195.67007847272356,395.67008502485663,0.9882764034019156,0.8618585273228905,True,True,3.9992922284775374,0.09950821842673084
ROI_161,FF,3.805439837887741,10.8883307882314,203.0,63.53057198599716,1,False,True,0.07710464201416208,False,False,,1.9417198376276703e-09,,,3.723865272629987,3.6294851843202887,3.8182453609396854,10.561268996593512,10.056375098528687,11.066162894658337,0.2647776325134233,0.16775759061172985,0.36179767441511673,100.00000002884215,47.38855049215836,152.61144956552596,0.9948184659995832,0.9336171126846203,True,True,3.9886429051434105,0.04814241587310404
ROI_162,FG,,,,-125.9059445872447,0,False,False,0.998426435877262,True,True,majority_negative_normalized_trace,,,,,,,,,,,,,,,,,,False,False,,
ROI_163,FH,4.468854752999994,12.476769996946558,204.0,111.19139926257218,1,False,True,0.05035405192761605,False,False,,0.0001799446794035521,-2.2297345274391067,2.230094416797914,4.319720928520131,4.214480636361073,4.424961220679189,11.547978208191143,11.147128627150398,11.948827789231888,0.3762111296768463,-1.7471479004610764,2.499570159814769,289.22028987090494,-2011.7645678697734,2590.205147611583,0.9986489147643336,0.9198857383338518,True,True,4.695932058196978,0.05081331073571904
ROI_164,FI,5.25302484093623,17.27002988056128,204.0,167.20567794553494,1,False,True,0.044059795436664044,False,False,,3.3839907575229416e-09,,,4.431990346919637,4.289178241102717,4.574802452736557,18.72746512645045,17.386082123372095,20.068848129528806,0.8952741105013786,0.763700053760823,1.0268481672419343,100.00000000012881,,,0.984056308600127,0.8319448719587708,True,True,5.327264457421015,0.014132736610389586
ROI_165,FJ,5.106247603362496,20.74665334079893,204.0,166.88855149899544,1,False,True,0.07081038552321008,False,False,,0.03740987248688813,-1.9613106823199549,2.036130427293731,5.079291626585749,1.4453281562856817,8.713255096885817,25.14675902733333,15.906980408014949,34.38653764665172,0.1641780583553978,-1.626529611543573,1.9548857282543686,100.00049156767709,-3896.3109684550172,4096.311951590372,0.9949397757842899,0.9686890421380895,True,True,5.243469684941147,0.02687337008261983
ROI_166,FK,5.886172961880711,11.426893422391885,204.0,115.73605583074345,1,False,True,0.07553107789142408,False,False,,2.3065833746200325e-11,,,5.681694012926451,5.619188202471079,5.744199823381823,11.893802758217602,11.618852152759894,12.16875336367531,0.41321397073479527,0.37560372747809234,0.4508242139914982,100.000000000001,,,0.9971997858387447,0.9322034111355729,True,True,6.094907983661247,0.0354619246040371
ROI_167,FL,6.005279825130992,11.965470183184891,203.0,134.59036573227903,1,False,True,0.08811959087332809,False,False,,,,,,,,,,,,,,,,,,,False,False,,
