model,feature_set,n_features,test_accuracy_mean,test_accuracy_std,test_balanced_accuracy_mean,test_balanced_accuracy_std,test_f1_macro_mean,test_f1_macro_std,train_balanced_accuracy_mean,train_balanced_accuracy_std,fit_time_mean
logistic_regression,k_reference_plus_full_fit,11,0.7662763819095478,0.030194684912994634,0.8071997824377952,0.024793112241038792,0.7615415108448323,0.02734159404768598,0.8195616014982722,0.008569695579294488,0.01905374526977539
logistic_regression,k_reference_plus_fast_tau,5,0.7592361809045226,0.033452248851284304,0.8020908884188556,0.031080365333596687,0.7561229966375627,0.03163286805221582,0.8101807408317866,0.0054419883580074935,0.012116241455078124
logistic_regression,k_reference_plus_reduced_fit,6,0.75621608040201,0.024171719287899178,0.7977664381824556,0.024148456119445216,0.7522194143683774,0.023509835177481862,0.811595135840618,0.0030542526374696564,0.012362289428710937
logistic_regression,k_reference_plus_reduced_fit_and_gof,7,0.7552311557788944,0.0208188498597325,0.7947744553739591,0.018919440780963505,0.7503915209410634,0.01876882332049753,0.811754402752985,0.002670984262427111,0.014291667938232422
logistic_regression,k_fit_full,8,0.6770502512562814,0.017134968080888036,0.727519614704428,0.01957846852557917,0.674362622906852,0.015254893491471683,0.7314518095156857,0.012823289801031947,0.011074447631835937
logistic_regression,k_fit_reduced,3,0.6259045226130653,0.02318987404723905,0.6734711660480514,0.024807143738972526,0.6247552547224731,0.022379361498621478,0.6814997224453283,0.009456589141059818,0.009544181823730468
logistic_regression,k_fit_reduced_with_gof,4,0.6208994974874372,0.026264166063856356,0.671603243079211,0.0297689736084087,0.6208192287512303,0.026301690911495357,0.6788806691782578,0.006608820592368765,0.009681892395019532
logistic_regression,k_fit_fast_tau,2,0.5356582914572864,0.031024599833086655,0.6057368602807413,0.029382906291431747,0.5400248100502932,0.029522156442356697,0.6080115635854213,0.006219950610830704,0.010646343231201172
logistic_regression,k_fit_status,1,0.21259296482412063,0.02912533682761606,0.33637352949279553,0.008474700843716583,0.13033757068510793,0.013101618755503494,0.3403803245800075,0.00146620248887541,0.011211395263671875
