Skup osobina,Model,Br. odabranih osobina,ROI balansirana tačnost,Trening/test razlika balansirane tačnosti,Srednja senzitivnost,Minimalna senzitivnost,Maksimalna senzitivnost
combined_peak,hist_gradient_boosting,8,0.930 ± 0.025,0.07,0.062 ± 0.043,0.018,0.121
combined_peak,logistic_regression,8,0.920 ± 0.013,0.006,0.209 ± 0.130,0.061,0.377
combined_peak,random_forest,8,0.920 ± 0.017,0.039,0.109 ± 0.101,0.047,0.26
core_all_no_selection,hist_gradient_boosting,14,0.932 ± 0.026,0.068,0.066 ± 0.048,0.028,0.137
core_all_no_selection,logistic_regression,14,0.918 ± 0.012,0.014,0.176 ± 0.120,0.048,0.321
core_all_no_selection,random_forest,14,0.923 ± 0.022,0.037,0.167 ± 0.156,0.057,0.387
mid_4,hist_gradient_boosting,4,0.912 ± 0.020,0.087,0.169 ± 0.124,0.048,0.314
mid_4,logistic_regression,4,0.859 ± 0.024,0.01,0.377 ± 0.199,0.17,0.606
mid_4,random_forest,4,0.891 ± 0.015,0.048,0.182 ± 0.160,0.047,0.397
miq_6,hist_gradient_boosting,6,0.924 ± 0.020,0.076,0.106 ± 0.091,0.031,0.238
miq_6,logistic_regression,6,0.867 ± 0.016,0.006,0.320 ± 0.238,0.055,0.559
miq_6,random_forest,6,0.910 ± 0.015,0.035,0.168 ± 0.168,0.074,0.419
