Skup osobina,Tip modela,Konfiguracija,Br. odabranih osobina,ROI balansirana tačnost,Trening/test razlika balansirane tačnosti,Srednja senzitivnost,Minimalna senzitivnost,Maksimalna senzitivnost
combined_peak,hist_gradient_boosting,hgb_baseline,8,0.930 ± 0.025,0.07,0.062 ± 0.043,0.018,0.121
combined_peak,hist_gradient_boosting,hgb_low_learning_rate,8,0.926 ± 0.024,0.068,0.066 ± 0.054,0.018,0.143
combined_peak,hist_gradient_boosting,hgb_shallow_regularized,8,0.931 ± 0.024,0.062,0.093 ± 0.058,0.031,0.143
combined_peak,random_forest,rf_baseline,8,0.920 ± 0.017,0.039,0.109 ± 0.101,0.047,0.26
combined_peak,random_forest,rf_regularized,8,0.914 ± 0.024,0.027,0.166 ± 0.158,0.057,0.394
combined_peak,random_forest,rf_regularized_all_features,8,0.906 ± 0.028,0.027,0.238 ± 0.350,0.061,0.762
core_all_no_selection,hist_gradient_boosting,hgb_baseline,14,0.932 ± 0.026,0.068,0.066 ± 0.048,0.028,0.137
core_all_no_selection,hist_gradient_boosting,hgb_low_learning_rate,14,0.939 ± 0.026,0.057,0.088 ± 0.058,0.038,0.168
core_all_no_selection,hist_gradient_boosting,hgb_shallow_regularized,14,0.936 ± 0.028,0.06,0.085 ± 0.059,0.047,0.171
core_all_no_selection,random_forest,rf_baseline,14,0.923 ± 0.022,0.037,0.167 ± 0.156,0.057,0.387
core_all_no_selection,random_forest,rf_regularized,14,0.916 ± 0.019,0.029,0.223 ± 0.239,0.057,0.571
core_all_no_selection,random_forest,rf_regularized_all_features,14,0.912 ± 0.027,0.026,0.238 ± 0.339,0.057,0.746
mid_4,hist_gradient_boosting,hgb_baseline,4,0.912 ± 0.020,0.087,0.169 ± 0.124,0.048,0.314
mid_4,hist_gradient_boosting,hgb_low_learning_rate,4,0.909 ± 0.024,0.071,0.185 ± 0.122,0.075,0.301
mid_4,hist_gradient_boosting,hgb_shallow_regularized,4,0.903 ± 0.020,0.068,0.194 ± 0.113,0.085,0.321
mid_4,random_forest,rf_baseline,4,0.891 ± 0.015,0.048,0.182 ± 0.160,0.047,0.397
mid_4,random_forest,rf_regularized,4,0.886 ± 0.015,0.035,0.295 ± 0.265,0.07,0.676
mid_4,random_forest,rf_regularized_all_features,4,0.889 ± 0.019,0.029,0.298 ± 0.299,0.07,0.737
miq_6,hist_gradient_boosting,hgb_baseline,6,0.924 ± 0.020,0.076,0.106 ± 0.091,0.031,0.238
miq_6,hist_gradient_boosting,hgb_low_learning_rate,6,0.920 ± 0.012,0.065,0.127 ± 0.110,0.067,0.292
miq_6,hist_gradient_boosting,hgb_shallow_regularized,6,0.922 ± 0.010,0.06,0.129 ± 0.113,0.065,0.298
miq_6,random_forest,rf_baseline,6,0.910 ± 0.015,0.035,0.168 ± 0.168,0.074,0.419
miq_6,random_forest,rf_regularized,6,0.908 ± 0.015,0.022,0.236 ± 0.184,0.07,0.498
miq_6,random_forest,rf_regularized_all_features,6,0.907 ± 0.018,0.017,0.259 ± 0.313,0.07,0.724
