representation,model,n_input_features,n_selected_features,test_balanced_accuracy_mean,test_balanced_accuracy_std,train_balanced_accuracy_mean,balanced_accuracy_gap,mean_patient_recall,std_patient_recall,minimum_patient_recall,maximum_patient_recall
combined_peak,logistic_regression,8,8,0.9196389713815136,0.013060134687581859,0.9257733452196897,0.006134373838176055,0.20926974157269532,0.13030521384339963,0.06086956521739131,0.37735849056603776
combined_peak,random_forest,8,8,0.9203967050542552,0.01728480054721969,0.9597775242993688,0.03938081924511361,0.10896037485807336,0.10125874734587006,0.04716981132075472,0.26031746031746034
combined_peak,hist_gradient_boosting,8,8,0.9295766801363708,0.025435206919967375,1.0,0.07042331986362915,0.06195437880969117,0.04267805402358301,0.018404907975460124,0.12063492063492064
core_all_no_selection,logistic_regression,14,14,0.9177871195296617,0.011722092135733471,0.9320078472334599,0.01422072770379812,0.17593135348222239,0.12000477047313646,0.04782608695652174,0.32075471698113206
core_all_no_selection,random_forest,14,14,0.9234846842688282,0.022045418665232464,0.9605576832364866,0.037072998967658366,0.1665178179490172,0.15591287157800526,0.05652173913043478,0.3873015873015873
core_all_no_selection,hist_gradient_boosting,14,14,0.9320902028333797,0.02552674901719396,1.0,0.06790979716662027,0.06587570202408373,0.04835978344145243,0.02830188679245283,0.1365079365079365
miq_6,logistic_regression,14,6,0.8668250704111301,0.015815223455101998,0.8727491465614594,0.005924076150329305,0.32022124937619384,0.23762349684780767,0.05521472392638037,0.5587301587301587
miq_6,random_forest,14,6,0.9099789767264236,0.014979156225560555,0.9454475796317828,0.03546860290535925,0.1681817097916737,0.16782630947831292,0.07391304347826087,0.41904761904761906
miq_6,hist_gradient_boosting,14,6,0.9241139356424106,0.020206432042776033,1.0,0.07588606435758938,0.10581024062241695,0.09109583080774904,0.03067484662576687,0.23809523809523808
mid_4,logistic_regression,14,4,0.8594677130537727,0.023983169906369065,0.8695427281252239,0.010075015071451254,0.37693557055965643,0.1992990090540318,0.16981132075471697,0.6063492063492063
mid_4,random_forest,14,4,0.890964367517942,0.014519761174771701,0.9394523229356979,0.04848795541775597,0.18162430216990677,0.15991490352939625,0.04716981132075472,0.3968253968253968
mid_4,hist_gradient_boosting,14,4,0.9124607874853099,0.020269978590698037,0.9996941896024465,0.0872334021171366,0.16850283166256735,0.12413059468441554,0.04782608695652174,0.3142857142857143
