model,feature_set,n_features,test_accuracy_mean,test_accuracy_std,test_balanced_accuracy_mean,test_balanced_accuracy_std,test_f1_macro_mean,test_f1_macro_std,train_balanced_accuracy_mean,train_balanced_accuracy_std,fit_time_mean,representation,selection_method,n_input_features,n_selected_features,balanced_accuracy_gap
logistic_regression,combined_peak,8,0.9107236180904523,0.012102286634528973,0.9196389713815136,0.013060134687581859,0.904483636451163,0.011739606625750944,0.9257733452196897,0.0026326242639030275,0.01936511993408203,combined_peak,none,8,8,0.006134373838176055
random_forest,combined_peak,8,0.9237788944723618,0.014645785325557926,0.9203967050542552,0.01728480054721969,0.913413920268372,0.016964469070098576,0.9597775242993688,0.0021589563717199513,0.7306240558624267,combined_peak,none,8,8,0.03938081924511361
hist_gradient_boosting,combined_peak,8,0.9378040201005027,0.01869003318539591,0.9295766801363708,0.025435206919967375,0.9297736246908315,0.023672647551048802,1.0,0.0,0.9599255561828614,combined_peak,none,8,8,0.07042331986362915
logistic_regression,core_all_no_selection,14,0.9087336683417085,0.010642601564296309,0.9177871195296617,0.011722092135733471,0.9022979618021782,0.011081105732175167,0.9320078472334599,0.005263254706422373,0.019431352615356445,core_all_no_selection,none,14,14,0.01422072770379812
random_forest,core_all_no_selection,14,0.9227889447236182,0.018579310482648603,0.9234846842688282,0.022045418665232464,0.9145320298078975,0.022689715329211286,0.9605576832364866,0.004476959924621621,0.7862691402435302,core_all_no_selection,none,14,14,0.037072998967658366
hist_gradient_boosting,core_all_no_selection,14,0.940824120603015,0.018039727881143473,0.9320902028333797,0.02552674901719396,0.9340831780925487,0.02203088720925067,1.0,0.0,1.3074048042297364,core_all_no_selection,none,14,14,0.06790979716662027
logistic_regression,miq_6,14,0.8555577889447236,0.018961673501919216,0.8668250704111301,0.015815223455101998,0.8522587670299439,0.019714519374349603,0.8727491465614594,0.006733395463226502,0.30779070854187013,miq_6,MIQ,14,6,0.005924076150329305
random_forest,miq_6,14,0.9006884422110553,0.01608768365284472,0.9099789767264236,0.014979156225560555,0.8943937593965359,0.018265690964936063,0.9454475796317828,0.003209120191737341,0.9889699935913085,miq_6,MIQ,14,6,0.03546860290535925
hist_gradient_boosting,miq_6,14,0.9247688442211055,0.020353510688292845,0.9241139356424106,0.020206432042776033,0.9182303264391329,0.023468789519224792,1.0,0.0,1.176639461517334,miq_6,MIQ,14,6,0.07588606435758938
logistic_regression,mid_4,14,0.8505628140703518,0.012322296618926162,0.8594677130537727,0.023983169906369065,0.8425376164745823,0.01873102177669301,0.8695427281252239,0.005240110323062704,0.24820690155029296,mid_4,MID,14,4,0.010075015071451254
random_forest,mid_4,14,0.8876633165829146,0.00983826687807683,0.890964367517942,0.014519761174771701,0.8777609865452825,0.013907865480095542,0.9394523229356979,0.00876831911694772,0.9303355693817139,mid_4,MID,14,4,0.04848795541775597
hist_gradient_boosting,mid_4,14,0.9197587939698492,0.01797671251574986,0.9124607874853099,0.020269978590698037,0.9098199963683674,0.02151077098164575,0.9996941896024465,0.0003745397160218814,0.9288625717163086,mid_4,MID,14,4,0.0872334021171366
